query,gene_hit,%identiy,length,n_mismatch,gapopen,querystart,queryend,subjectstart,subjectend,evalue,bitscore
36447d0c-697c-4d16-b092-e87d181d9a52,pac,99.842,634,0,1,282,914,1,634,0.0,1164
3e46aee0-e65e-418d-979e-5ccc13355370,symE,99.662,296,1,0,3,298,44,339,1.29e-156,542
f58a56a4-9215-457a-a1ef-2942906902b6,pac,99.842,2536,4,0,2686,5221,2536,1,0.0,4662
f58a56a4-9215-457a-a1ef-2942906902b6,symE,99.115,339,3,0,2206,2544,339,1,8.87e-177,610
4a728ecf-1d88-4575-a68a-d846ec60d3d7,pac,99.021,715,2,4,1,714,595,1305,0.0,1277
f566a58b-5492-4c74-a968-c560b110c91a,pac,97.015,201,4,2,1,199,789,989,5.58e-96,337
687e9abd-f886-4283-a7ce-225d298a29b8,symE,100.000,339,0,0,862,1200,1,339,0.0,627
b1ef419b-8bd1-459c-acf9-b3c167278548,symE,99.410,339,1,1,1080,1417,339,1,2.78e-178,614
d0c6f5c8-ce82-466b-9c00-d6cb4e1d3bde,pac,99.010,101,1,0,1,101,101,1,8.05e-49,182
959e3b23-a6b0-477e-b685-a84125a43ea3,symE,100.000,339,0,0,85,423,1,339,0.0,627
6b609502-9edc-4897-aca0-26836f176c69,symE,97.183,71,1,1,342,411,339,269,4.69e-30,119
cf0d68be-6ac2-4a71-8c99-1e470a5d5306,pac,98.965,483,4,1,401,882,2538,2056,0.0,863
cf0d68be-6ac2-4a71-8c99-1e470a5d5306,symE,99.617,261,1,0,1,261,261,1,1.47e-137,477
c04147e4-3981-46ee-a491-14c06ea817bf,pac,99.359,1249,2,3,15,1259,1292,2538,0.0,2257
c04147e4-3981-46ee-a491-14c06ea817bf,symE,100.000,164,0,0,1398,1561,1,164,4.70e-85,303
eca9bc1f-e4c0-4de1-85d5-40ff867a3bda,pac,95.528,805,22,8,6,801,800,1,0.0,1275
eca9bc1f-e4c0-4de1-85d5-40ff867a3bda,pac,93.666,521,12,16,3759,4261,2538,2021,0.0,760
eca9bc1f-e4c0-4de1-85d5-40ff867a3bda,pac,98.864,88,0,1,4543,4630,1812,1726,4.15e-40,156
eca9bc1f-e4c0-4de1-85d5-40ff867a3bda,symE,95.509,334,7,5,3360,3687,339,8,7.63e-152,527
701af728-89e5-4a11-ae24-73797c782c8e,pac,99.111,2475,11,7,321,2785,1,2474,0.0,4438
84cbd50b-969d-4724-a4a5-3d1595820444,pac,99.871,1556,2,0,1136,2691,2538,983,0.0,2863
84cbd50b-969d-4724-a4a5-3d1595820444,symE,99.706,340,0,1,659,998,339,1,1.97e-180,621
66a4f829-58e0-4344-8cb9-fb03b3438e5b,pac,99.690,969,3,0,1,969,969,1,0.0,1773
873e3763-6d7f-4b30-b1df-36abd479ed5a,pac,99.764,2538,5,1,188,2724,2538,1,0.0,4652
f3985bf9-40e5-475a-808d-e8018ce3ee0e,pac,99.724,2538,1,3,471,3004,2536,1,0.0,4643
f3985bf9-40e5-475a-808d-e8018ce3ee0e,symE,98.489,331,3,2,1,330,330,1,1.94e-168,582
0d671a38-737c-475f-9fb1-b34a5dc0ef81,pac,98.355,2553,23,13,882,3430,2538,1,0.0,4464
0d671a38-737c-475f-9fb1-b34a5dc0ef81,symE,100.000,339,0,0,404,742,339,1,0.0,627
05011c73-b883-4d7d-ba90-d0db45dea5d7,pac,99.776,447,1,0,1,447,447,1,0.0,821
e4fa7d1c-d418-4457-a2ac-998da00dfd16,pac,99.882,2538,2,1,578,3114,1,2538,0.0,4669
e4fa7d1c-d418-4457-a2ac-998da00dfd16,symE,100.000,339,0,0,3254,3592,1,339,0.0,627
63dffd67-cb74-4671-a675-e83c23930c98,pac,100.000,277,0,0,1,277,783,507,1.23e-148,512
8ca57bcf-819b-4558-98bc-069ecfb364e5,pac,98.399,1312,4,7,4260,5555,1,1311,0.0,2290
8ca57bcf-819b-4558-98bc-069ecfb364e5,pac,98.848,1215,5,8,1,1208,1326,2538,0.0,2158
8ca57bcf-819b-4558-98bc-069ecfb364e5,symE,99.104,335,2,1,1355,1688,5,339,5.32e-174,601
f5daedbe-5c04-4bb3-b389-fba9ba5cc927,pac,100.000,579,0,0,1,579,733,155,0.0,1070
ca44f0ec-e4ee-48f4-8c33-9ecaa0bb90f6,pac,98.798,416,3,2,597,1010,1,416,0.0,739
7f8d98e2-8d10-4964-8e79-350c5efef83e,pac,99.214,1273,2,2,31,1301,2114,848,0.0,2289
08a0330a-b691-436b-86d8-dc25a1758f92,pac,99.254,1877,10,4,1,1876,1961,88,0.0,3386
911e03c1-486a-4d6f-989e-d9fa32b3c683,pac,99.233,1043,4,4,2,1041,1042,1,0.0,1879
911e03c1-486a-4d6f-989e-d9fa32b3c683,symE,99.138,232,2,0,3622,3853,339,108,3.98e-119,418
ef0fad41-bdd3-4f59-853b-a1da5fce4875,pac,99.961,2539,0,1,2870,5408,1,2538,0.0,4682
ef0fad41-bdd3-4f59-853b-a1da5fce4875,symE,99.631,271,0,1,26,295,69,339,9.33e-142,494
ef0fad41-bdd3-4f59-853b-a1da5fce4875,symE,100.000,37,0,0,5547,5583,1,37,6.70e-14,69.4
b1c4f8ac-05e3-4ad8-a430-2887fea71513,pac,100.000,648,0,0,1,648,899,1546,0.0,1197
83ce6027-53f7-4fcf-8e50-b1668ff7debb,symE,99.705,339,1,0,307,645,1,339,0.0,621
83ce6027-53f7-4fcf-8e50-b1668ff7debb,pac,99.383,162,0,1,10,170,2377,2538,5.77e-82,292
8dae2b4f-2444-4ecb-a9fd-d2dcd205ea1c,pac,98.566,279,2,2,1,277,1406,1684,1.64e-142,492
ccdad2b7-d8a2-4890-9c7a-d2da265d15f5,pac,99.760,834,2,0,1,834,2433,1600,0.0,1530
88260580-b34b-4437-8c42-f80dcb5ff67f,pac,99.449,2539,3,4,2819,5347,1,2538,0.0,4601
88260580-b34b-4437-8c42-f80dcb5ff67f,symE,97.571,247,1,4,1,242,93,339,5.68e-119,418
88260580-b34b-4437-8c42-f80dcb5ff67f,symE,100.000,76,0,0,5416,5491,3,78,1.38e-35,141
aa973ca5-163c-46f2-b14f-cde47010e6ca,pac,99.685,2541,5,3,1248,3788,1,2538,0.0,4645
aa973ca5-163c-46f2-b14f-cde47010e6ca,symE,100.000,339,0,0,3928,4266,1,339,0.0,627
17350c18-02f5-484c-aae1-104ce70a1a5b,pac,99.609,1789,4,3,1,1787,751,2538,0.0,3262
17350c18-02f5-484c-aae1-104ce70a1a5b,symE,100.000,33,0,0,1928,1960,1,33,3.92e-12,62.1
80987935-dde7-4aeb-9ab1-e9fc58f0bddb,pac,98.864,528,5,1,314,841,1,527,0.0,941
2c00c23e-29fd-42d4-beaf-d1dd18373bec,pac,100.000,224,0,0,1,224,224,1,3.07e-119,414
b9bbc222-f4b4-4216-b42c-06fee972467d,pac,98.655,223,2,1,525,747,1,222,1.29e-112,394
f7803e73-0243-45ec-b615-36bc3f31c0df,pac,99.485,1360,1,4,1,1358,790,2145,0.0,2468
fc06b2ff-5472-4d52-958f-54e44bd41dc7,pac,99.367,1422,2,6,1,1416,1421,1,0.0,2569
23d8c94c-2846-405f-8fb9-7645aced1068,pac,100.000,108,0,0,1391,1498,1,108,6.08e-54,200
39f170a5-ff12-4b84-9804-b455b97e7422,symE,98.522,203,0,1,18,217,322,120,1.68e-101,355
81bc4383-7345-46a1-8639-446ea5043809,pac,99.566,2075,6,2,5,2076,2075,1,0.0,3779
11649058-66df-419c-9f96-ff0634cda1b0,symE,95.556,45,2,0,1,45,295,339,8.85e-16,73.1
fcd1a534-7b81-40e7-b661-a3e583c3ec86,symE,98.820,339,1,2,456,791,339,1,7.86e-175,601
90f2e53a-015d-471a-94cd-24ca19626ddd,pac,99.091,440,2,2,18,457,1955,2392,0.0,789
d1a09bb2-f3c8-4998-b5d9-cfd5996050e5,pac,98.282,815,7,6,1,812,1703,2513,0.0,1421
3183dd5a-839a-464b-a2de-518113e691f0,pac,98.072,363,2,5,1,358,1181,819,0.0,627
294ff283-f6c3-40b6-a47b-a60fed539017,pac,99.371,2542,8,5,1496,4033,2538,1,0.0,4599
294ff283-f6c3-40b6-a47b-a60fed539017,symE,100.000,339,0,0,1019,1357,339,1,0.0,627
35cdbdfa-61b0-41ab-9928-edcbdbd1df9a,pac,99.191,371,1,2,1,369,1339,969,0.0,667
01fab08d-c441-4a41-81c7-73b2610238a8,pac,99.738,2287,5,1,405,2691,2538,253,0.0,4189
01fab08d-c441-4a41-81c7-73b2610238a8,symE,100.000,266,0,0,1,266,266,1,1.62e-141,492
5c9d81c6-b943-4933-94f3-8ff015c74838,pac,99.370,2538,7,4,333,2861,1,2538,0.0,4590
5c9d81c6-b943-4933-94f3-8ff015c74838,symE,98.525,339,1,1,3000,3334,1,339,1.60e-172,595
76b6b0c6-ccb2-4515-9b05-c7546f991263,symE,99.500,200,1,0,452,651,339,140,8.74e-104,364
76adb8d2-4747-4ec4-861f-26b66ef877a7,pac,99.213,2542,11,7,754,3290,2538,1,0.0,4575
76adb8d2-4747-4ec4-861f-26b66ef877a7,symE,98.799,333,2,1,284,614,333,1,2.07e-171,592
dca43d72-aa6b-42f1-8080-1c9faf5c977b,pac,98.919,1018,5,5,2,1017,1014,1,0.0,1814
6617b797-5579-43c6-9062-a781f446ca37,symE,99.587,242,1,0,462,703,339,98,4.25e-127,442
a6fdf72f-b90a-46a7-8ef7-a3d52fe4ed70,pac,98.820,2542,12,16,237,2764,1,2538,0.0,4512
e9637fa1-644b-4f23-993c-e9e51a825df1,symE,98.820,339,3,1,1645,1982,339,1,5.86e-175,603
14f0b109-c8a5-434f-b905-32238f53fc5c,pac,95.927,1694,34,24,977,2638,848,2538,0.0,2713
14f0b109-c8a5-434f-b905-32238f53fc5c,pac,93.449,748,16,20,184,906,1,740,0.0,1079
14f0b109-c8a5-434f-b905-32238f53fc5c,symE,96.199,342,3,4,2778,3112,1,339,3.77e-159,551
01712eb7-cadd-45be-be3b-c3760b6ecaa0,symE,97.929,338,3,4,304,637,338,1,4.83e-169,582
af45c621-84bd-4806-b46f-ebdb6d606afe,pac,98.722,704,5,4,14,714,703,1,0.0,1247
c2442546-714b-4e98-8852-c86095ce6ac2,symE,99.115,339,2,1,498,835,1,339,5.13e-177,608
bf737057-0dff-43de-a2cb-48e7efb61638,symE,99.118,340,2,1,1562,1901,1,339,3.45e-177,610
35bf5ec6-7d11-44aa-872b-d33947cda8b4,symE,94.690,339,7,9,52,379,1,339,2.77e-149,516
86e46bcd-4d52-4dab-80c4-f50043643d65,pac,100.000,312,0,0,1,312,312,623,4.85e-168,577
0443029c-65fd-42fc-a8c2-480df27ff761,pac,99.013,304,1,2,1,303,488,186,4.79e-158,544
230cfdcb-1de1-477f-abb2-5cbd1e4f1582,symE,98.162,272,4,1,1866,2137,339,69,4.64e-136,473
d1aaf4f6-3fe5-4c9b-a954-ec376239c9e7,pac,99.118,567,2,3,346,911,1,565,0.0,1016
664b3dcf-142c-4bec-a621-e4c6ab4bb766,pac,99.742,1162,2,1,1,1162,516,1676,0.0,2128
9a1667fb-7656-4b47-a55a-b9df7020e54e,pac,99.527,2116,7,3,1,2115,2114,1,0.0,3849
7f90edca-0d73-426e-ae76-4cdfdad2eeb1,pac,99.718,1065,2,1,16,1079,1065,1,0.0,1949
4738ecc5-c8c8-4be5-b747-a94be912628c,pac,96.858,1496,27,18,4104,5591,1,1484,0.0,2484
4738ecc5-c8c8-4be5-b747-a94be912628c,pac,95.909,1051,25,12,1,1044,1499,2538,0.0,1687
4738ecc5-c8c8-4be5-b747-a94be912628c,symE,99.700,333,0,1,1184,1515,1,333,3.20e-176,608
a4b89dac-99ed-44ba-9b32-77d783a75954,pac,99.016,2541,17,5,3009,5546,2536,1,0.0,4547
a4b89dac-99ed-44ba-9b32-77d783a75954,symE,100.000,339,0,0,2532,2870,339,1,0.0,627
c4765501-0991-46b1-9fe4-33b9e6ed1966,symE,100.000,339,0,0,1335,1673,1,339,0.0,627
0811c145-a63b-488b-b596-9caedc1bcd53,pac,99.099,1443,5,5,4073,5514,1,1436,0.0,2586
0811c145-a63b-488b-b596-9caedc1bcd53,pac,99.723,1083,3,0,1,1083,1456,2538,0.0,1984
0811c145-a63b-488b-b596-9caedc1bcd53,symE,99.701,335,0,1,1155,1488,5,339,2.44e-177,612
fe9bbc3a-1941-4290-b87a-7e0a93669e78,symE,100.000,339,0,0,55,393,1,339,0.0,627
bd12f57e-0068-4727-be39-1104d115c152,pac,99.056,2542,10,9,385,2916,1,2538,0.0,4549
bd12f57e-0068-4727-be39-1104d115c152,symE,100.000,339,0,0,3055,3393,1,339,0.0,627
11830c65-83ae-4851-9efd-4223e249b484,pac,98.944,1421,8,6,801,2215,1,1420,0.0,2534
b4e31829-4200-4100-bd7e-637ded81357a,pac,99.330,2539,7,5,1173,3702,1,2538,0.0,4586
b4e31829-4200-4100-bd7e-637ded81357a,symE,93.333,180,3,4,3842,4019,1,173,9.59e-71,257
1f169174-a756-4143-97c2-0d86ba2a9f93,pac,100.000,696,0,0,1,696,2087,1392,0.0,1286
94e17f91-b4ec-40f4-a268-9ade8cd6a14e,symE,95.122,41,0,2,1,39,299,339,2.80e-13,63.9
0aeb486e-dec2-435e-a7cf-7e4fd24532fb,symE,100.000,176,0,0,1,176,176,1,2.58e-92,326
0aeb486e-dec2-435e-a7cf-7e4fd24532fb,pac,100.000,94,0,0,316,409,2536,2443,9.88e-47,174
3b2ad8ff-5b84-4060-b35d-65bfa21ff501,pac,98.759,1451,8,9,1368,2809,1,1450,0.0,2571
5f2e8b6c-7cce-4588-bc5b-5b8c461a966c,pac,99.639,832,1,2,338,1168,2538,1708,0.0,1519
5f2e8b6c-7cce-4588-bc5b-5b8c461a966c,symE,93.434,198,5,5,4,195,196,1,3.53e-80,287
422a0746-1108-4e1f-84dc-977d5142cbda,pac,99.882,2534,1,2,280,2811,2534,1,0.0,4662
422a0746-1108-4e1f-84dc-977d5142cbda,symE,100.000,144,0,0,1,144,144,1,1.52e-73,267
984c3e54-5b92-4271-b596-b2257d0e82d9,pac,94.243,1598,42,40,1,1561,764,2348,0.0,2396
2c5bcd0f-90db-4cc7-8703-a3c8698fcd57,pac,99.479,960,3,2,1,959,1580,2538,0.0,1744
2c5bcd0f-90db-4cc7-8703-a3c8698fcd57,symE,100.000,339,0,0,1099,1437,1,339,0.0,627
f4934385-76ab-4570-8887-dbc19b7991ff,pac,97.151,2562,30,27,1947,4489,2538,1,0.0,4287
f4934385-76ab-4570-8887-dbc19b7991ff,symE,98.240,341,2,4,1469,1807,339,1,8.98e-172,593
e3929e35-b121-4892-8d90-ea0f271121bd,pac,99.764,2541,2,4,718,3257,1,2538,0.0,4656
22cc7045-3790-4e98-9a52-446057a911f9,pac,99.328,2382,11,5,3192,5571,2538,160,0.0,4305
22cc7045-3790-4e98-9a52-446057a911f9,pac,95.139,144,4,3,1,142,143,1,1.35e-60,224
22cc7045-3790-4e98-9a52-446057a911f9,symE,99.700,333,1,0,2720,3052,333,1,8.87e-177,610
b8e32389-4b87-492a-97d4-cf5dd05aacc6,pac,96.951,328,1,1,605,923,2538,2211,5.37e-157,542
4545ac11-128c-4d2e-a424-f973bb68dfbc,pac,98.003,2554,20,20,1677,4215,1,2538,0.0,4405
4545ac11-128c-4d2e-a424-f973bb68dfbc,symE,99.412,340,1,1,4355,4694,1,339,1.91e-178,616
a5f406fe-871b-4e52-84fd-c7149e0f2204,pac,100.000,990,0,0,1,990,412,1401,0.0,1829
a8f56da0-36c1-41dc-b98a-86b0003fcb52,pac,99.845,1292,0,2,1,1292,2288,999,0.0,2374
ca2e2975-a509-4363-84aa-c38e15753785,pac,100.000,446,0,0,1,446,1130,685,0.0,824
54e022f1-5eec-4aea-a819-513605da8243,pac,100.000,316,0,0,1,316,717,1032,2.94e-170,584
0ac989b1-1998-47c4-be58-13d02c2f9c48,pac,98.174,493,1,7,6,491,2035,2526,0.0,854
404dd8fa-b258-4479-9ca9-1e6a16df737c,pac,100.000,124,0,0,1,124,1412,1535,6.02e-64,230
2515b0d6-4f6a-43ad-bee3-73f4cab7093d,symE,100.000,41,0,0,1121,1161,339,299,8.26e-17,76.8
3a21c5e3-b957-475d-a9fd-1fa74492c44c,pac,98.366,2326,13,10,1,2323,2304,1,0.0,4061
3a21c5e3-b957-475d-a9fd-1fa74492c44c,pac,98.206,223,2,2,5348,5569,2538,2317,4.52e-110,388
3a21c5e3-b957-475d-a9fd-1fa74492c44c,symE,97.647,340,1,3,4876,5209,339,1,8.99e-167,577
6ffaa6b0-825a-45f5-bfd8-8a3a301c24fa,pac,100.000,924,0,0,2270,3193,2538,1615,0.0,1707
b4602038-0410-4375-8fea-648c822b28ab,pac,98.868,265,1,2,3,265,1905,1641,1.99e-136,472
d339a82c-a7ba-49f9-9ba9-a2559ab243b9,pac,99.307,2166,4,7,3410,5566,2538,375,0.0,3906
d339a82c-a7ba-49f9-9ba9-a2559ab243b9,pac,95.751,353,9,5,1,347,353,1,7.01e-163,564
d339a82c-a7ba-49f9-9ba9-a2559ab243b9,symE,97.281,331,6,3,2942,3270,330,1,3.26e-161,558
8db7d423-e2e1-4293-a10f-cc2e905d344f,pac,99.446,361,1,1,1,361,2177,2536,0.0,654
8db7d423-e2e1-4293-a10f-cc2e905d344f,symE,98.780,82,1,0,501,582,1,82,3.07e-38,147
e3dd6f59-6f53-4449-9996-178a4f8c4e4f,pac,98.354,2552,13,23,909,3445,2538,1,0.0,4453
e3dd6f59-6f53-4449-9996-178a4f8c4e4f,symE,100.000,339,0,0,431,769,339,1,0.0,627
72f2b3cf-baaa-44ed-a24f-91bec5ff0966,pac,99.576,1886,4,3,2,1885,502,2385,0.0,3435
610b74f5-a25f-4561-8139-bfb00abd8e77,pac,98.453,1228,12,7,1,1222,1309,2535,0.0,2156
610b74f5-a25f-4561-8139-bfb00abd8e77,symE,100.000,174,0,0,1306,1479,1,174,1.23e-90,322
633bfcfc-4c5e-458f-aa47-4042be71f7e1,pac,94.118,51,3,0,57,107,51,1,1.59e-17,78.7
7eb8ca30-a36b-4d1d-bb6b-c89bd1d5926f,pac,97.778,45,0,1,5,48,45,1,6.19e-17,76.8
aca21b3d-2021-4b1c-a2c3-31b1508a2065,pac,98.193,166,1,2,1,166,569,732,1.34e-81,289
c456101f-9ad5-454c-af56-260bcbea2148,pac,97.962,638,4,4,5,636,1412,2046,0.0,1098
3e8ec14d-6007-42ca-89b4-f012d53fd2d3,symE,100.000,236,0,0,21,256,92,327,7.01e-126,436
f9c213ab-b156-4d49-a1c5-51eae4aa7fd7,pac,99.573,468,1,1,1,468,669,1135,0.0,852
1512997c-0b74-4340-9204-a6db1012e188,symE,99.219,128,1,0,433,560,339,212,7.95e-64,231
f36ba721-0fb1-4f6c-93b5-5b8b9b58f64c,pac,99.446,361,1,1,18,377,1565,1205,0.0,654
b0122a68-f2d5-4043-ad90-7da9fd1134f5,pac,100.000,196,0,0,1,196,196,1,3.61e-103,363
d3355ae4-5ce2-48ec-b1d0-49f897fb807c,pac,99.422,173,0,1,1,172,2261,2089,8.04e-89,313
8c2e2d0c-78fd-458f-bd6f-d2243ea06ba0,pac,99.688,1282,0,4,1,1280,1988,709,0.0,2342
f78921c2-764a-4e31-9cdf-2961a112a424,pac,96.237,1488,33,19,3646,5117,1,1481,0.0,2416
f78921c2-764a-4e31-9cdf-2961a112a424,pac,91.737,593,19,22,5188,5757,1584,2169,0.0,797
fdbed8ba-4380-464a-aaa5-87f270bf2e3b,pac,99.111,900,3,4,1,899,1643,2538,0.0,1613
fdbed8ba-4380-464a-aaa5-87f270bf2e3b,symE,99.410,339,2,0,1039,1377,1,339,1.88e-178,616
af4cbe50-b0bf-4820-8048-43c256ce1f5e,pac,98.004,551,2,6,9,554,282,828,0.0,948
0c67bb9f-ef4f-4863-9a48-512cf2c772e7,pac,99.268,1640,9,3,1,1638,1639,1,0.0,2959
7f7bda98-f997-430a-9a23-f2be7f36a5d1,pac,99.007,2417,6,13,1,2409,2407,1,0.0,4314
726d05cd-5433-4675-9e30-359691db2e12,pac,97.291,2547,32,24,2556,5074,2538,1,0.0,4287
726d05cd-5433-4675-9e30-359691db2e12,symE,99.118,340,1,2,2080,2418,339,1,8.83e-177,610
d5d28ce6-716c-4620-80d0-613c0075cd48,pac,96.129,155,2,4,1,152,154,1,6.43e-70,250
3b5beaeb-ae23-46d4-87fa-8bcef68ce067,pac,99.227,388,3,0,1,388,388,1,0.0,701
ea5de521-f171-4624-b7c3-c369654d20a1,pac,100.000,295,0,0,1291,1585,1,295,7.17e-158,545
67bc6f5e-35b3-4d94-bde2-7fe534641aed,pac,95.826,575,10,11,1,565,1270,1840,0.0,917
7a0b7aa6-5e36-4ac1-8701-c579d53a8c40,pac,99.619,525,2,0,1,525,525,1,0.0,959
4b536c38-2ff3-4665-be2b-337e083be6ff,pac,99.023,614,5,1,1,613,919,1532,0.0,1099
9210d7b6-3e98-4ca2-bf09-cb33f667c9cc,pac,99.387,2121,8,5,1,2118,420,2538,0.0,3840
9210d7b6-3e98-4ca2-bf09-cb33f667c9cc,symE,100.000,33,0,0,2258,2290,1,33,4.59e-12,62.1
3b4308e6-c78e-4208-9f4e-f8f2aef8b598,pac,99.455,1835,3,2,3674,5501,1,1835,0.0,3326
3b4308e6-c78e-4208-9f4e-f8f2aef8b598,pac,99.518,622,1,1,1,620,1917,2538,0.0,1131
3b4308e6-c78e-4208-9f4e-f8f2aef8b598,symE,99.705,339,1,0,762,1100,1,339,4.10e-180,621
e4e341c2-1fbe-4803-a893-df03673de86a,pac,100.000,392,0,0,1,392,1393,1002,0.0,725
1397ee53-20bc-4cff-93d4-813dfcf2ab9d,pac,96.903,1905,22,22,2271,4141,1,1902,0.0,3157
c893a722-b70f-494b-b728-8e560eb3a026,pac,99.415,342,1,1,338,678,2538,2197,1.76e-180,619
c893a722-b70f-494b-b728-8e560eb3a026,symE,98.485,198,2,1,1,198,197,1,9.19e-99,348
fff0f125-c9dc-45d3-b620-c052c4fd9636,pac,99.658,584,1,1,4,586,584,1,0.0,1066
aa273d6f-2eed-4503-ac05-2b65b10d3470,pac,99.123,342,2,1,1,342,1059,1399,4.07e-179,614
4ea413d4-b1e2-43cd-90e5-c3bf6dc46436,pac,100.000,308,0,0,1,308,2029,1722,7.98e-166,569
5bba18dd-0a70-4b80-94cb-79cdb6f61f66,symE,97.668,343,2,4,628,968,1,339,3.02e-169,584
69c25ba8-1976-4989-afb5-70834f48ad7f,pac,98.860,1228,5,7,1,1221,750,1975,0.0,2182
c8e405c4-82e4-43e1-851a-3d986f34998a,pac,95.614,2303,59,33,1258,3539,2538,257,0.0,3655
c8e405c4-82e4-43e1-851a-3d986f34998a,symE,77.299,348,53,24,789,1125,333,1,5.22e-48,182
3842145e-e00f-4495-ac74-66c67ce77969,pac,97.508,321,3,3,1,316,2218,2538,8.29e-158,544
3842145e-e00f-4495-ac74-66c67ce77969,symE,100.000,63,0,0,456,518,1,63,2.14e-29,117
4f4d37a1-ad53-4b0f-acf2-dc6c75b46821,pac,99.552,1340,2,4,1,1339,2061,725,0.0,2438
a4953d41-3212-4ee9-a4f6-987e0e962790,pac,99.938,1613,1,0,1,1613,926,2538,0.0,2974
a4953d41-3212-4ee9-a4f6-987e0e962790,symE,99.410,339,1,1,1753,2090,1,339,2.96e-178,614
dd13f241-8ae4-4e54-9eef-c71dceed6c8e,pac,99.409,1354,3,3,4231,5582,2538,1188,0.0,2451
dd13f241-8ae4-4e54-9eef-c71dceed6c8e,pac,99.830,1176,2,0,2,1177,1176,1,0.0,2161
dd13f241-8ae4-4e54-9eef-c71dceed6c8e,symE,100.000,339,0,0,3753,4091,339,1,0.0,627
da02a369-da0f-48c5-90d3-701a6491fcd7,pac,99.645,2538,9,0,510,3047,1,2538,0.0,4638
da02a369-da0f-48c5-90d3-701a6491fcd7,symE,98.827,341,1,2,3187,3526,1,339,4.13e-175,604
7847fbe5-29ab-496f-820e-32c9cf234f8c,symE,96.221,344,4,8,5,346,339,3,4.25e-161,555
7847fbe5-29ab-496f-820e-32c9cf234f8c,pac,100.000,159,0,0,416,574,2538,2380,1.02e-82,294
8a893917-fb86-431d-b906-35da5f921e43,pac,99.434,884,1,2,1,884,880,1,0.0,1602
f08a1981-8bbb-4b60-bdfc-89ab37d9855d,pac,98.929,280,3,0,4,283,546,825,2.70e-145,501
6d7571bf-3c68-4106-a5c5-6350ab138c06,pac,99.632,816,2,1,1,816,815,1,0.0,1489
b093f7bc-505b-4d1e-a6e9-3ee4bfb0ebd6,pac,99.646,2542,2,6,1392,3930,1,2538,0.0,4638
b093f7bc-505b-4d1e-a6e9-3ee4bfb0ebd6,symE,100.000,339,0,0,4075,4413,1,339,0.0,627
47e8f455-fa16-48a7-962b-5bcb26a1ed6f,pac,98.820,2542,11,9,1660,4186,2538,1,0.0,4510
47e8f455-fa16-48a7-962b-5bcb26a1ed6f,symE,99.705,339,1,0,1185,1523,339,1,4.09e-180,621
a4e221e0-bb27-4ed7-9c3c-554c0854250e,pac,98.997,698,1,4,1,692,1416,719,0.0,1245
34877472-003c-4f42-96cc-9a65f78d71c4,pac,98.981,1374,9,3,897,2267,2538,1167,0.0,2455
34877472-003c-4f42-96cc-9a65f78d71c4,symE,99.410,339,1,1,420,757,339,1,2.78e-178,614
448b0010-4867-4d4d-a159-1e4cfd882a10,pac,99.429,700,3,1,434,1133,2536,1838,0.0,1269
448b0010-4867-4d4d-a159-1e4cfd882a10,symE,96.897,290,5,3,1,290,286,1,4.06e-139,483
58164ded-b90a-498d-a018-9251575c3019,pac,98.996,996,4,3,938,1932,1,991,0.0,1779
54b904d3-e4f7-4d60-8739-d70ea94677c2,symE,96.755,339,7,4,82,417,1,338,3.05e-163,562
e294ef61-a58c-4c5e-8b1e-21befb5d4c62,pac,98.960,481,3,1,17,497,474,952,0.0,859
971073be-3047-44fd-8bff-0e2e56a41fcd,pac,99.527,2538,11,1,277,2813,2538,1,0.0,4619
971073be-3047-44fd-8bff-0e2e56a41fcd,symE,98.889,180,0,1,5385,5562,339,160,1.67e-89,320
971073be-3047-44fd-8bff-0e2e56a41fcd,symE,100.000,137,0,0,1,137,137,1,1.72e-69,254
52f4629f-879a-4386-983c-088cbbe6118d,symE,100.000,339,0,0,130,468,1,339,0.0,627
cab442c9-1af6-4681-80cc-13a9fdf65782,pac,98.294,469,7,1,1,468,2039,2507,0.0,821
af4dce2d-71ad-4424-98ea-5f731cb4829e,pac,99.377,1765,7,4,1,1764,777,2538,0.0,3195
af4dce2d-71ad-4424-98ea-5f731cb4829e,symE,99.410,339,1,1,1901,2238,1,339,4.02e-178,614
58377035-19bc-4574-8ffa-e0b991fa05c2,symE,100.000,198,0,0,1,198,198,1,1.96e-104,366
58377035-19bc-4574-8ffa-e0b991fa05c2,pac,100.000,192,0,0,337,528,2538,2347,4.25e-101,355
19f86fb6-0d82-4aa7-ac54-542f26f1079e,symE,98.824,340,0,2,11,350,339,4,1.72e-175,603
5b1f8aee-f31d-4101-8d04-fefb0e0acde5,pac,99.195,870,4,1,6,872,520,1389,0.0,1565
172faf11-b9e3-4d43-9361-11456ac4741f,pac,99.428,874,2,2,1,873,1405,534,0.0,1583
ab01463b-a6ce-43ab-8952-7832033fa8ef,symE,97.626,337,2,5,84,414,3,339,1.54e-166,573
1387a0c5-514a-4de4-a453-eb086997c723,pac,99.097,443,4,0,1,443,2096,2538,0.0,797
1387a0c5-514a-4de4-a453-eb086997c723,symE,100.000,110,0,0,582,691,1,110,2.14e-55,204
3438ee53-5e38-4b22-94f6-0559b21d872d,pac,98.636,220,1,2,3,221,409,627,1.71e-111,388
28ae7f22-5827-4262-a72a-c796ce7840ca,pac,99.498,797,1,2,1,797,794,1,0.0,1447
0b5000f9-3991-4088-ba73-e535c835ea6f,symE,97.906,191,2,2,1,189,149,339,9.14e-93,329
4bfb3e37-31d4-41a7-940d-b7d792d1ace6,pac,99.294,992,2,2,51,1041,1,988,0.0,1788
1526d5fb-1089-4a45-8e46-129dc2c41756,pac,98.246,57,1,0,142,198,2538,2482,7.97e-25,100
e9ed5872-7754-429b-950c-e179328d0922,symE,98.824,340,1,2,2668,3005,339,1,8.37e-175,603
489a7ea1-b845-4d18-89fd-3bec51cdcbe0,pac,98.403,1127,7,7,1,1125,1024,2141,0.0,1971
4e48e7d6-4753-43da-8c93-9dec12f83efc,pac,100.000,44,0,0,1056,1099,1,44,1.68e-18,82.4
4ca8315d-6d49-46a3-b10a-44780cce3d4f,symE,96.988,166,4,1,7,172,175,339,3.76e-78,278
961b08d3-b6e1-41ca-b20d-c0c272f7bc7a,symE,94.118,238,4,5,1157,1394,339,112,4.10e-100,353
ce9ad5c1-58b5-4b1d-a1bc-a0d880fc5487,symE,100.000,248,0,0,1,248,92,339,9.20e-132,459
07b046bb-5e8f-4cfe-a0f9-f8988e99e322,pac,97.171,2545,33,25,2768,5285,1,2533,0.0,4265
73dc22a9-fd39-4485-ba20-6a686b43e69c,pac,98.823,2294,16,8,3282,5569,1,2289,0.0,4076
73dc22a9-fd39-4485-ba20-6a686b43e69c,pac,100.000,235,0,0,1,235,2304,2538,5.72e-124,435
73dc22a9-fd39-4485-ba20-6a686b43e69c,symE,98.230,339,4,2,375,711,1,339,3.21e-171,592
ce5eb705-a6ae-4015-a4be-a24fa22ab2e2,pac,98.773,1385,8,6,1077,2457,1,1380,0.0,2455
780f6815-de1f-4103-ba28-343bfd10e272,pac,99.250,667,4,1,1,666,1473,807,0.0,1203
1e07f194-00ae-4455-b1ca-e050895a1982,symE,97.654,341,2,5,201,537,1,339,9.09e-169,580
1e07f194-00ae-4455-b1ca-e050895a1982,pac,86.364,66,3,5,1,61,2474,2538,3.15e-14,67.6
ff2bfdac-3852-4490-b140-4eefa0b7afcc,pac,98.893,271,3,0,422,692,1,271,6.85e-140,484
2f64b640-9469-4b8c-8ad3-c5fd27efdb61,symE,98.820,339,1,3,280,617,3,339,8.74e-175,601
2f64b640-9469-4b8c-8ad3-c5fd27efdb61,pac,98.095,210,2,1,1,210,2331,2538,1.25e-103,364
be3f6b8f-f6a8-4d50-9f4b-201fc7e66e6e,pac,99.474,380,1,1,1,379,2159,2538,0.0,689
be3f6b8f-f6a8-4d50-9f4b-201fc7e66e6e,symE,100.000,339,0,0,520,858,1,339,0.0,627
bed08247-a237-4161-a901-356b3cd6d84f,pac,99.764,848,1,1,1,848,2397,1551,0.0,1554
029100e9-38da-4878-b7d3-3996ea8a655d,pac,99.343,1521,2,5,274,1790,1,1517,0.0,2747
d7bc125e-5495-45b6-a317-619ec785ec78,pac,98.816,760,5,3,2,758,442,1200,0.0,1351
2bd480fe-9bd6-4fd7-be94-707e730887dc,pac,99.633,545,0,2,1,543,1643,2187,0.0,994
36b30e86-dab1-4349-b38e-2ef17c8c1f94,pac,99.315,2043,6,5,1,2038,2339,300,0.0,3688
0747c2b7-e6e5-4d45-9811-53daf2dea08e,pac,100.000,356,0,0,1,356,1838,2193,0.0,658
9de1c9f6-82a5-4f28-9ab3-dca8c683b10a,pac,91.935,124,4,4,1,120,1640,1761,1.24e-45,169
98d08429-83c8-4fb1-83c2-fd198957be89,symE,98.690,229,2,1,638,866,339,112,6.89e-116,405
56edeb0e-d169-4aaf-aeed-59688ce9ea5f,pac,97.997,599,3,6,10,603,790,1384,0.0,1031
a21bbe0c-2ffa-4bfc-acf7-282204810fb5,symE,100.000,237,0,0,1,237,332,96,1.82e-126,438
22294896-d008-4b75-a285-8eb03f994e32,pac,100.000,455,0,0,522,976,2538,2084,0.0,841
22294896-d008-4b75-a285-8eb03f994e32,symE,100.000,339,0,0,44,382,339,1,0.0,627
b7283bfe-137f-4a64-bc23-513792dc3890,pac,98.861,2545,19,9,1276,3817,2538,1,0.0,4530
b7283bfe-137f-4a64-bc23-513792dc3890,symE,99.706,340,0,1,804,1143,339,1,4.08e-180,621
523c9ea2-0be0-4fb1-b01e-03bdacc8b2b0,pac,99.839,622,1,0,1,622,622,1,0.0,1144
f6a0479a-cdb1-43e1-bc20-8e37d362b2e3,pac,99.377,803,4,1,3217,4018,1,803,0.0,1454
f6a0479a-cdb1-43e1-bc20-8e37d362b2e3,pac,100.000,155,0,0,1,155,2384,2538,1.22e-79,287
f6a0479a-cdb1-43e1-bc20-8e37d362b2e3,symE,100.000,339,0,0,296,634,1,339,0.0,627
09b1d27d-3245-4abe-a0fa-3e423c3807fd,pac,99.779,453,1,0,1,453,1562,2014,0.0,832
8169ace2-e330-4f11-899d-20474d105018,pac,98.005,401,5,1,1,401,2408,2011,0.0,693
b9aa66a6-b829-4134-bc71-c13bee6522d3,pac,99.356,1708,6,4,1,1705,833,2538,0.0,3088
2d7a42c1-ceb5-4859-b45f-0c0dd23af7a2,symE,97.521,121,1,2,9,127,216,336,2.29e-55,206
58b07054-6d45-4dfd-b8e9-b98a2d0c8d40,pac,99.792,1921,1,3,1,1918,297,2217,0.0,3522
4675872c-5a96-43c0-b7df-b2af2660e86f,pac,100.000,160,0,0,1,160,160,1,1.44e-83,296
45eb5c4a-64f7-4f3c-94cd-372eeb0ba89e,pac,99.597,2480,7,2,235,2712,1,2479,0.0,4521
ba8cded6-9643-4ea3-b5c4-6f487cc08b3a,pac,98.002,2503,27,14,1,2488,2495,1,0.0,4324
5410b83a-017a-4a91-a3ee-f3e635b74f8a,pac,100.000,52,0,0,1320,1371,1,52,7.49e-23,97.1
b2ee79db-a514-4331-9978-cab4d3511b22,symE,98.361,61,1,0,1,61,273,333,5.97e-26,108
a141d186-b6a6-4efd-a819-c0df980444f5,pac,99.671,1518,4,1,1,1518,731,2247,0.0,2774
af79dbc9-bd58-464d-b9b2-e881f131a6a9,pac,99.281,2224,6,6,1,2219,2219,1,0.0,4010
af79dbc9-bd58-464d-b9b2-e881f131a6a9,pac,100.000,307,0,0,5191,5497,2538,2232,5.34e-164,568
af79dbc9-bd58-464d-b9b2-e881f131a6a9,symE,99.705,339,1,0,4718,5056,339,1,4.04e-180,621
1e661a64-0289-457e-af29-c8c9dc41c23d,pac,99.364,1414,6,2,3,1413,1599,186,0.0,2558
77f7533f-3bbd-4801-bb83-054e408773ba,pac,97.849,93,2,0,7,99,93,1,4.45e-43,161
665d38f2-791a-49e3-ad4c-5a721592020f,pac,98.388,1799,9,13,1,1784,1794,1,0.0,3144
ca2cc301-301e-4573-9bd2-159ca46693ea,pac,99.704,2026,1,2,1,2026,518,2538,0.0,3703
ca2cc301-301e-4573-9bd2-159ca46693ea,pac,100.000,506,0,0,5078,5583,1,506,0.0,935
ca2cc301-301e-4573-9bd2-159ca46693ea,symE,98.820,339,1,2,2166,2501,1,339,5.35e-174,601
754a712d-8cee-46d5-b736-5e4d5909f4f1,pac,99.488,2538,7,4,2229,4760,1,2538,0.0,4610
754a712d-8cee-46d5-b736-5e4d5909f4f1,symE,100.000,339,0,0,4899,5237,1,339,0.0,627
a3f8d7fc-ee6e-4de2-87e4-23457b95b277,pac,98.764,809,6,4,1,808,711,1516,0.0,1435
60f400a2-faaa-4ba6-bd90-79023d0eaf30,pac,99.190,247,2,0,1,247,618,864,1.11e-128,446
c6280c2b-7457-4db7-94b7-7ca34b79bdd2,pac,96.154,312,7,5,1,309,850,1159,2.29e-146,505
3cb85d62-fff4-46d5-9f29-2be977ecb837,pac,100.000,159,0,0,1,159,159,1,6.74e-83,294
aec68416-813e-4e7d-b486-97f5749366ca,pac,92.793,111,5,3,1,109,497,388,2.58e-42,158
eefc4b22-5cf8-43ee-91a3-6f63322a0a74,pac,95.034,1027,23,22,681,1685,1,1021,0.0,1589
d159e0f3-94e9-4ca1-b397-d71a0c517321,pac,95.325,2417,41,45,946,3303,1,2404,0.0,3771
a758dcaf-0c8c-454b-9570-f17177d172d5,pac,99.337,1509,5,5,8,1511,1509,1,0.0,2726
70e0df4d-2492-441f-b787-b7e8a98fbdb0,pac,97.974,691,5,5,246,930,1,688,0.0,1190
ea9506be-79f0-43a1-a642-c541241191b2,pac,99.683,1891,3,2,3693,5581,2538,649,0.0,3456
ea9506be-79f0-43a1-a642-c541241191b2,pac,99.060,638,2,4,1,637,635,1,0.0,1142
ea9506be-79f0-43a1-a642-c541241191b2,symE,97.647,340,6,2,3218,3556,339,1,1.94e-168,582
4d2f0a40-73b0-4a47-9203-9ab96fd14ddc,pac,99.710,345,1,0,2,346,2282,1938,0.0,632
13070ca8-e5f1-4ea8-825b-f341770c6f6d,symE,99.410,339,2,0,397,735,1,339,6.88e-179,616
13070ca8-e5f1-4ea8-825b-f341770c6f6d,pac,99.222,257,1,1,1,256,2282,2538,9.49e-133,462
2d6eafd4-e8a2-45c3-84b6-96ddf0c3a528,pac,100.000,530,0,0,981,1510,1,530,0.0,979
62e5baf4-4695-4f5b-8041-73bbd2514d4f,symE,91.129,124,3,4,264,384,339,221,7.19e-43,161
35959417-8ffa-4558-a747-980bc6c3758b,symE,99.410,339,2,0,3781,4119,339,1,2.03e-178,616
81357b07-5edf-49d2-b32c-40b84b087cb5,pac,98.932,468,5,0,3,470,2071,2538,0.0,837
69c79874-e074-4033-94aa-bc0171a8e682,pac,99.608,255,1,0,1,255,2258,2004,8.94e-135,466
ae03751a-6570-4f1b-8a7e-92a26ac0e1a1,symE,98.820,339,0,2,313,647,1,339,2.81e-174,601
ae03751a-6570-4f1b-8a7e-92a26ac0e1a1,pac,99.435,177,0,1,1,177,2363,2538,8.83e-90,320
1cfd928b-c814-4fcc-b5b3-6f1291f7a6fa,pac,99.687,638,0,2,1,637,2367,1731,0.0,1166
114c2e4d-a25a-4cf8-9212-2f4aeb1ed0b6,pac,97.027,370,5,6,1,369,2174,2538,9.96e-180,617
114c2e4d-a25a-4cf8-9212-2f4aeb1ed0b6,symE,96.450,338,6,4,440,772,3,339,2.85e-160,553
c62ed14a-af10-46a2-99b3-829aeb238bca,pac,99.045,419,4,0,23,441,1028,610,0.0,752
bdbd8566-3dff-4a6e-a6b0-e603fa5b760e,pac,98.202,2113,16,15,419,2522,2536,437,0.0,3672
bdbd8566-3dff-4a6e-a6b0-e603fa5b760e,symE,99.640,278,0,1,1,278,277,1,5.40e-146,507
54809d1b-56eb-42d7-9376-cf78ef7c321a,pac,97.161,634,12,5,17,645,1041,409,0.0,1066
7835fa09-8b79-45f5-9a29-28ffb8a4a601,pac,99.488,1954,3,6,1,1949,2076,125,0.0,3546
29d2b877-d84b-4353-aee0-72d3d76bef3b,pac,98.962,1638,10,6,4,1635,902,2538,0.0,2924
29d2b877-d84b-4353-aee0-72d3d76bef3b,pac,99.438,889,3,2,4655,5541,1,889,0.0,1613
29d2b877-d84b-4353-aee0-72d3d76bef3b,symE,99.705,339,1,0,1774,2112,1,339,4.07e-180,621
e0ec2bcc-9027-4023-ab28-d4bdddc0eeae,pac,99.438,1958,7,4,1,1958,107,2060,0.0,3552
dbe16559-ee21-4aa4-8ad5-ba5f4f9b39be,symE,100.000,157,0,0,136,292,1,157,6.58e-82,291
1f3e7a26-e5a5-447b-afcc-cf37a6cb932d,pac,100.000,423,0,0,5,427,975,1397,0.0,782
61bc407f-6a68-4501-b141-29379fdeeaed,symE,100.000,339,0,0,694,1032,1,339,0.0,627
1b46c1dd-c201-46a9-ad53-b5ec6f75143c,pac,99.515,1030,2,2,302,1331,2538,1512,0.0,1871
1b46c1dd-c201-46a9-ad53-b5ec6f75143c,symE,98.765,162,1,1,1,162,161,1,4.02e-80,287
af1f4d59-fb15-472b-b517-a5ac26101fe9,symE,93.594,281,6,6,7,275,12,292,1.66e-117,409
9e012d80-d7df-45fe-b9b1-e38d1d0161de,symE,98.230,339,6,0,763,1101,339,1,1.81e-172,593
e0dac3b7-f6ff-4fd2-9568-1d565b681fab,pac,91.026,312,8,16,1,297,2229,2535,1.09e-115,403
70a215a8-4b63-4399-8823-701d1deafca6,pac,98.716,545,2,4,1,541,110,653,0.0,963
8df40a98-7ade-4d42-b6e1-5ba12595f679,pac,96.546,637,10,8,1,628,1058,1691,0.0,1044
41f852f3-1738-4536-a435-6e2632ce80dc,pac,98.580,634,7,2,1,633,1707,1075,0.0,1120
b30103c3-51f1-47f9-b072-84518cb3aa42,pac,97.861,1309,13,12,3,1306,2018,720,0.0,2248
eed10625-5f32-4a57-aace-ca1f29045751,pac,98.469,1241,14,5,7,1244,2234,996,0.0,2182
4f8a9723-43ca-4b89-8520-b3e0c84fede2,pac,99.606,2539,4,5,199,2732,1,2538,0.0,4628
4f8a9723-43ca-4b89-8520-b3e0c84fede2,symE,100.000,339,0,0,2872,3210,1,339,0.0,627
2510f242-fd0e-486e-8886-ae904441d0d7,pac,99.923,1293,1,0,255,1547,1,1293,0.0,2383
a74f69a8-848a-4207-97ac-16bcde823f90,pac,99.201,751,2,3,488,1237,2538,1791,0.0,1351
a74f69a8-848a-4207-97ac-16bcde823f90,symE,100.000,339,0,0,5,343,339,1,0.0,627
c78587a1-d7b9-4484-860d-7d3c8ae819e6,pac,99.743,1942,4,1,4,1945,1941,1,0.0,3557
c7fb4331-727f-4ebe-b084-52451165f646,pac,99.820,1664,3,0,1,1664,1664,1,0.0,3057
eb325c7a-d9d8-44cf-8c53-826808dd7c9a,pac,99.286,280,1,1,1,279,1910,1631,2.06e-146,505
c2cb986d-365c-4d25-8132-6711019dea14,pac,99.361,783,2,3,421,1203,2538,1759,0.0,1415
c2cb986d-365c-4d25-8132-6711019dea14,symE,100.000,280,0,0,1,280,280,1,1.18e-149,518
91aaf780-d9b6-4456-a2d5-a120f83bc40f,pac,100.000,151,0,0,1,151,151,1,1.94e-78,279
2be954d1-ff2a-444d-8eec-a193538f67a6,pac,99.721,1791,1,3,1431,3219,2538,750,0.0,3277
2be954d1-ff2a-444d-8eec-a193538f67a6,symE,99.705,339,1,0,953,1291,339,1,2.36e-180,621
11db3416-4037-48e5-8460-12edf963babe,pac,92.000,100,7,1,4,102,100,1,1.41e-35,139
0de3e92c-809f-4568-a3dd-13e87945e935,pac,99.554,672,2,1,74,744,1,672,0.0,1223
e9ce7804-ee6d-4b9f-bf82-1f01443678c0,pac,100.000,227,0,0,1,227,763,989,6.16e-121,420
109bbf4f-6378-426d-a9e7-b756a6bd4d57,pac,99.626,535,0,2,283,817,1,533,0.0,976
434c9282-3397-43f3-8cef-2e3ba82f3afa,pac,99.587,2179,8,1,573,2750,1,2179,0.0,3973
0c92c744-5e6c-4435-bb00-645c63c77409,pac,99.899,988,1,0,159,1146,1,988,0.0,1820
f676d14c-8cd9-4dfe-b0ba-7aef6ad8d321,pac,99.321,589,2,2,1,587,1412,2000,0.0,1064
6ac1ef1f-60ee-4590-86f9-fe4669802aa9,pac,100.000,383,0,0,1,383,2156,2538,0.0,708
6ac1ef1f-60ee-4590-86f9-fe4669802aa9,symE,98.516,337,5,0,453,789,3,339,5.36e-173,595
791a7e04-db3d-4327-bcc6-2fd946e6fb99,pac,100.000,492,0,0,1016,1507,2538,2047,0.0,909
791a7e04-db3d-4327-bcc6-2fd946e6fb99,symE,99.706,340,0,1,538,877,339,1,1.10e-180,621
6fb4afd0-ccb8-4ea6-b93a-ef1448be5f6e,pac,99.543,438,2,0,385,822,2538,2101,0.0,798
6fb4afd0-ccb8-4ea6-b93a-ef1448be5f6e,symE,100.000,245,0,0,1,245,245,1,2.30e-130,453
6b84e33c-932d-47f8-abc4-7f604f0051b1,pac,99.652,287,1,0,2,288,1742,2028,1.63e-152,525
64014585-c2a3-4b5a-888d-b5a111f7cd9a,pac,98.220,337,3,3,1,335,1593,1928,8.68e-171,586
533be9bd-e345-4ffb-994a-bec9d70b0d39,pac,98.976,2540,13,9,399,2927,1,2538,0.0,4534
533be9bd-e345-4ffb-994a-bec9d70b0d39,symE,99.705,339,1,0,3066,3404,1,339,4.32e-180,621
27ad8b29-27b7-4f12-863e-b347acccaaa8,pac,98.734,869,4,4,1,865,575,1440,0.0,1537
973febe1-e369-4bf3-9539-2524145031d9,pac,99.921,2538,1,1,1470,4006,2538,1,0.0,4674
35204e41-0b74-44e2-bf0b-bce68136e0d0,pac,100.000,717,0,0,1,717,1822,2538,0.0,1325
35204e41-0b74-44e2-bf0b-bce68136e0d0,symE,94.253,348,11,5,857,1204,1,339,4.38e-151,523
fde3d1af-31be-4eda-9eef-dd0cdbe6e08e,pac,96.861,223,4,2,1,221,2181,1960,6.27e-106,370
80939856-0d45-4f02-a03c-7d5b906c5c28,symE,99.541,218,0,1,1,217,122,339,7.98e-113,396
dead04b0-2ffc-4087-bc49-6c5f7add44bd,pac,99.330,2539,3,9,2649,5174,1,2538,0.0,4582
dead04b0-2ffc-4087-bc49-6c5f7add44bd,symE,100.000,196,0,0,5315,5510,1,196,2.71e-102,363
dead04b0-2ffc-4087-bc49-6c5f7add44bd,symE,100.000,64,0,0,18,81,276,339,6.48e-29,119
7d038ad2-284e-4677-b89a-ac1de92f0ff0,symE,97.640,339,5,3,856,1191,339,1,1.40e-167,579
aa0e0ded-e8ed-43e3-9403-fe49f8991881,symE,94.253,348,8,8,1448,1792,1,339,2.29e-150,521
f8a80717-e6e7-4f77-8555-7703d8307c21,pac,99.437,1420,3,4,14,1430,1079,2496,0.0,2573
eef761b7-015f-4f39-9720-c312302d3ef4,symE,100.000,124,0,0,1360,1483,333,210,7.67e-63,230
b3602493-9d81-4465-adcb-26177e7d1553,pac,99.961,2534,0,1,338,2870,2538,5,0.0,4673
b3602493-9d81-4465-adcb-26177e7d1553,symE,100.000,193,0,0,7,199,193,1,6.55e-101,357
16973ca2-92ea-4344-84eb-7ef1ff5c3adb,pac,99.528,636,3,0,1,636,899,1534,0.0,1158
67289aff-785b-4a5e-8b22-ad1742f26b88,pac,98.683,1974,13,8,1,1972,1963,1,0.0,3489
67289aff-785b-4a5e-8b22-ad1742f26b88,pac,98.050,564,5,5,7271,7830,2538,1977,0.0,976
67289aff-785b-4a5e-8b22-ad1742f26b88,symE,97.640,339,3,4,6800,7133,339,1,1.26e-166,577
c296d002-6ddf-463b-b6d8-4e2cb3390ad6,pac,98.155,271,2,2,1,268,831,561,7.22e-136,470
b157498b-d2ec-4302-8ac9-f17dcee152cb,pac,97.839,1388,13,9,1,1380,1134,2512,0.0,2381
b157498b-d2ec-4302-8ac9-f17dcee152cb,symE,99.705,339,1,0,1547,1885,1,339,2.64e-180,621
b219d0db-ba57-411d-aa42-d1e80480cdfe,pac,97.593,540,3,8,14,547,2514,1979,0.0,917
e6e015f2-5ab0-4fdb-b87c-99f67a12dbef,pac,99.059,1169,6,3,1610,2774,1,1168,0.0,2093
0bc98ca1-de11-4357-ac8e-a884e3ae1596,pac,97.423,194,4,1,6,199,363,171,9.49e-94,329
9b326abf-2eff-48fc-8b41-18fb0ca1f770,pac,98.274,1796,19,8,3781,5567,2538,746,0.0,3134
9b326abf-2eff-48fc-8b41-18fb0ca1f770,pac,99.305,719,1,3,17,733,717,1,0.0,1297
9b326abf-2eff-48fc-8b41-18fb0ca1f770,symE,96.793,343,3,6,3311,3649,339,1,1.94e-163,566
63c75131-d4f6-4eae-8596-e1b284672a1f,pac,100.000,106,0,0,1,106,106,1,7.16e-53,196
a3fcf86b-30f5-405a-b075-16998be02344,symE,100.000,339,0,0,378,716,339,1,0.0,627
9b2b84e7-3592-4d91-94cd-d8d1f515160b,pac,97.458,590,6,6,949,1533,1,586,0.0,998
43a2d28f-7020-4efb-ba0d-be84b5d85e9f,pac,99.706,2385,6,1,1,2385,155,2538,0.0,4364
43a2d28f-7020-4efb-ba0d-be84b5d85e9f,pac,100.000,139,0,0,5440,5578,1,139,1.33e-70,257
43a2d28f-7020-4efb-ba0d-be84b5d85e9f,symE,100.000,339,0,0,2525,2863,1,339,0.0,627
475dea69-1bca-43a2-9c49-236c0c47c3d2,pac,99.294,991,2,2,1,986,1190,200,0.0,1786
f9ced857-ed23-460a-a864-972fb328e5e0,pac,99.777,449,0,1,1,448,2090,2538,0.0,822
f9ced857-ed23-460a-a864-972fb328e5e0,symE,98.148,54,1,0,588,641,1,54,1.25e-22,95.3
4685cf75-cb8c-419e-a472-4eec6ad948f8,pac,99.505,2220,4,6,3368,5583,1,2217,0.0,4032
4685cf75-cb8c-419e-a472-4eec6ad948f8,pac,100.000,311,0,0,1,311,2228,2538,3.24e-166,575
4685cf75-cb8c-419e-a472-4eec6ad948f8,symE,97.059,340,7,3,450,787,1,339,1.51e-164,569
42c0626e-f1d4-4abe-9e4e-206d29c7aa16,pac,99.755,408,0,1,1,407,2131,2538,0.0,747
42c0626e-f1d4-4abe-9e4e-206d29c7aa16,symE,99.705,339,1,0,544,882,1,339,1.51e-180,621
0be229a2-133b-42ff-a2fb-42b3905189b1,pac,98.897,1179,3,8,1,1173,1175,1,0.0,2097
e3ec0042-4f61-4864-9098-44a8d2215318,symE,99.016,305,1,2,1,304,36,339,4.55e-158,545
8e0dc7d8-59cf-48b2-951b-f01f5798f9f0,pac,99.142,1166,4,3,1,1166,1160,1,0.0,2093
8e0dc7d8-59cf-48b2-951b-f01f5798f9f0,symE,99.705,339,1,0,3742,4080,339,1,3.02e-180,621
9175fd9b-7c64-40b2-98e8-ce2f9f38d896,pac,99.107,112,0,1,1,112,111,1,2.26e-54,200
7a481766-8e05-4879-9f94-0991ebdfc5e9,pac,99.689,1608,3,2,2,1609,798,2403,0.0,2940
fa2a6378-5d29-4d43-95d0-235644ed33c7,pac,99.810,527,1,0,1,527,527,1,0.0,968
8f942a59-f6a1-400c-a195-7f32a940c83f,symE,91.635,263,10,7,9,261,79,339,4.28e-100,353
62a733b3-ce44-42d4-b5e8-e06ea6a8e564,pac,100.000,387,0,0,1,387,502,888,0.0,715
8237ed54-333f-4a51-9158-7e32619fa7df,pac,99.567,1385,4,1,985,2367,1,1385,0.0,2523
6da4cc63-f3a1-44be-b570-f161747aab2b,symE,98.525,339,4,1,1989,2326,339,1,3.77e-173,597
2ca516a1-734d-4df0-a0e2-6fd3cf05e036,symE,99.320,147,0,1,1,147,194,339,2.08e-73,265
a5032514-354a-4823-8fec-420f94ee9a7d,pac,98.218,505,3,4,1,500,335,838,0.0,878
2de708e3-853e-4dc3-ad4d-fcc58eee8c1b,pac,98.795,1743,9,12,1,1737,800,2536,0.0,3092
2de708e3-853e-4dc3-ad4d-fcc58eee8c1b,pac,98.560,625,3,4,4777,5395,1,625,0.0,1099
2de708e3-853e-4dc3-ad4d-fcc58eee8c1b,symE,98.230,339,3,2,1872,2207,1,339,1.14e-170,590
cb35f88a-9b0e-4678-bd54-ea406288496f,pac,99.445,2161,9,3,11,2170,2159,1,0.0,3921
cb35f88a-9b0e-4678-bd54-ea406288496f,pac,98.214,56,1,0,5360,5415,2243,2188,8.29e-23,99.0
cb35f88a-9b0e-4678-bd54-ea406288496f,symE,99.703,337,1,0,4744,5080,337,1,5.15e-179,617
797cc66a-febb-4361-b430-f50f41db41e0,pac,99.488,2540,8,5,848,3384,1,2538,0.0,4614
797cc66a-febb-4361-b430-f50f41db41e0,symE,97.633,338,5,3,3454,3789,3,339,8.98e-167,577
43da9da4-a484-4ea2-8bbd-0f61b3abd0cd,symE,99.652,287,1,0,1092,1378,339,53,8.11e-152,525
7e22153e-1bc5-43d4-b385-730dabf37cd9,pac,98.319,238,1,3,1,237,1175,940,3.06e-119,414
73ade669-15b6-4c42-a875-ec137f5d0b4b,pac,97.110,173,3,2,1,173,2363,2533,5.99e-82,291
4be9ba8c-6f30-437a-9e85-331efb76f3dd,symE,99.412,340,1,1,193,532,339,1,1.08e-178,616
1f3b5161-8d76-409a-8fb9-970cf16ef660,pac,97.447,470,4,6,3,468,817,352,0.0,795
fbf1b5bd-34fa-4979-bb4e-04d7c4c9673d,pac,99.584,961,1,3,188,1145,2538,1578,0.0,1749
fbf1b5bd-34fa-4979-bb4e-04d7c4c9673d,symE,97.917,48,0,1,1,47,48,1,1.75e-18,82.4
3faafaa3-94e4-40a1-aa45-f8f23e7943f5,pac,97.489,2549,28,26,1576,4099,1,2538,0.0,4320
3faafaa3-94e4-40a1-aa45-f8f23e7943f5,symE,100.000,339,0,0,4239,4577,1,339,0.0,627
2b042e16-e8f4-45e9-b3e3-decbd07bce76,pac,99.419,861,2,2,453,1313,2538,1681,0.0,1559
65d639e5-2d44-4f75-95b1-39d204e02503,pac,98.563,2158,18,8,1,2151,2479,328,0.0,3801
643127df-5cb8-4937-adb4-87311bb95bc1,pac,99.565,1150,4,1,1,1149,1227,78,0.0,2095
60afa597-acd1-4300-bd0c-1ef432361303,pac,91.106,416,17,16,11,420,2135,2536,4.26e-158,545
60afa597-acd1-4300-bd0c-1ef432361303,symE,93.529,340,16,5,560,894,1,339,9.36e-145,501
bcdc06dd-9708-4ba2-9131-567d88577d5c,pac,99.714,1400,0,4,1,1397,800,2198,0.0,2560
b3b723c2-c112-41fb-9a8f-7ef2fa6de377,pac,98.143,1131,11,8,5,1132,1296,173,0.0,1964
aa1056a2-d648-4b92-b91b-65ed030a8373,pac,99.750,801,0,2,1,801,1410,612,0.0,1467
348e1d45-5d08-4e23-9657-d92f5ac0aead,pac,99.869,761,0,1,1,761,1779,2538,0.0,1399
e574e8f7-eb00-4412-9234-53b4bba6a27c,pac,98.984,492,1,4,1,489,1156,666,0.0,878
1a6999f9-7fd8-421e-ad9a-22bb4a0baafb,pac,99.388,490,1,2,4,491,650,1139,0.0,887
4acd5426-35e8-4521-a6ea-30f331adf502,pac,93.388,242,6,7,1,237,2115,1879,8.59e-100,350
8b078ff7-022c-429c-b8db-0dbfb824e2ac,pac,99.580,714,1,2,1,713,2291,1579,0.0,1301
abc6a0c6-db1d-4147-a872-44ead56604cf,pac,99.834,1204,1,1,1473,2675,1,1204,0.0,2211
60ed0dcf-0198-4168-9163-e79bcfffc1f4,pac,100.000,170,0,0,1,170,170,1,1.24e-88,315
5388a632-0454-4b51-ad6e-135e79d37218,pac,100.000,150,0,0,1,150,1071,1220,2.55e-78,278
0094b1a5-3943-4ce9-b6bc-3db99767eb7b,pac,99.583,240,0,1,1,239,1920,1681,6.55e-126,436
ae0a0302-62da-4637-b20e-c5c715ec7c2e,pac,97.605,167,2,2,155,319,1,167,3.36e-80,285
65dcd5ce-766c-4651-8a68-919545f7ccae,pac,99.304,1294,4,2,21,1309,1245,2538,0.0,2335
65dcd5ce-766c-4651-8a68-919545f7ccae,symE,99.705,339,0,1,1449,1786,1,339,5.79e-180,619
84c59ff6-8ab9-4fb4-9f76-d801f1730d85,pac,100.000,449,0,0,1916,2364,2538,2090,0.0,830
84c59ff6-8ab9-4fb4-9f76-d801f1730d85,symE,97.959,343,2,2,1438,1779,339,1,4.89e-171,590
bd30e2ea-e9df-4a07-9acd-260843dd84d9,pac,97.831,830,6,4,1,819,1710,2538,0.0,1423
bd30e2ea-e9df-4a07-9acd-260843dd84d9,symE,96.250,80,2,1,899,977,1,80,5.25e-33,130
79c63994-4caa-4f46-b4e1-4dae65c744bc,pac,99.764,2537,4,2,1759,4294,2536,1,0.0,4650
79c63994-4caa-4f46-b4e1-4dae65c744bc,symE,100.000,339,0,0,1282,1620,339,1,0.0,627
cc6aa75c-5672-4271-85c9-d51dc3ecfca9,pac,99.215,1401,4,2,1,1394,1138,2538,0.0,2519
cc6aa75c-5672-4271-85c9-d51dc3ecfca9,symE,100.000,171,0,0,1530,1700,1,171,6.57e-89,316
89008fee-a055-4166-b22f-4b14736cce75,pac,99.101,890,1,1,1,883,1407,518,0.0,1592
c07d7663-27db-4e35-abb6-9f051b7bb233,symE,100.000,285,0,0,6,290,285,1,4.84e-153,527
46ae5a02-18b2-4fc2-ba6b-9a6d7a3e5a52,pac,98.639,147,1,1,25,171,794,649,1.07e-72,259
270c47c4-8774-4674-bc2d-a5ec8322d4db,pac,99.528,635,1,2,526,1159,2538,1905,0.0,1155
270c47c4-8774-4674-bc2d-a5ec8322d4db,symE,99.410,339,1,1,46,383,339,1,1.41e-178,614
08abec41-7680-4e9a-aae5-a4100a415249,pac,99.020,714,2,3,1,714,1830,2538,0.0,1275
08abec41-7680-4e9a-aae5-a4100a415249,symE,99.705,339,1,0,854,1192,1,339,2.30e-180,621
ec33f580-7bc9-4f48-9016-babd97b5a808,pac,97.973,296,2,3,506,797,1,296,1.30e-147,510
6aa37f26-d325-4204-bf45-06e7c8cb1b4e,pac,99.028,1337,4,5,1,1337,909,2236,0.0,2388
58720271-89f0-4954-9d12-3fe2310e7e13,symE,97.143,70,2,0,429,498,339,270,5.71e-30,119
8525ca8f-a561-4d80-adbf-d74dad25bfa9,pac,99.137,1390,5,6,1,1388,2128,744,0.0,2494
ce563dd5-a1ea-48d2-b7d2-a42dee3c28c6,pac,99.618,2354,9,0,546,2899,2538,185,0.0,4298
ce563dd5-a1ea-48d2-b7d2-a42dee3c28c6,symE,99.705,339,1,0,69,407,339,1,2.13e-180,621
ee7fc7a2-1812-4659-8e9e-0e44b243aba8,pac,100.000,378,0,0,1,378,1172,1549,0.0,699
f74d7f9d-c357-4518-8a08-8223f588ce94,pac,99.096,2545,11,10,116,2655,1,2538,0.0,4562
f74d7f9d-c357-4518-8a08-8223f588ce94,symE,100.000,339,0,0,2794,3132,1,339,0.0,627
eb3a1e8c-4e74-47cf-a821-98ab5076c0a0,pac,99.010,707,2,3,6,711,2471,1769,0.0,1262
37e06472-117d-4786-b8f8-4f777f9c3329,pac,99.567,2538,8,3,412,2946,2538,1,0.0,4623
b0735310-5acd-428d-bc29-d3e2b10dd210,pac,99.534,429,1,1,13,440,2536,2108,0.0,780
36da7851-60e8-46c0-bbc7-f3835d90ce49,pac,98.289,409,3,2,4,408,499,907,0.0,713
4440c1e2-b47e-4d4f-8324-67843888ee46,pac,96.392,2550,50,37,136,2655,1,2538,0.0,4161
4440c1e2-b47e-4d4f-8324-67843888ee46,symE,98.824,340,3,1,2795,3134,1,339,2.37e-175,604
936e783a-086f-4c6b-900f-adac883160a6,pac,99.057,2122,9,10,359,2475,1,2116,0.0,3797
3f059ef6-e27f-4c5b-b5b4-1582e1c86b2d,pac,99.281,1947,8,4,1,1941,592,2538,0.0,3513
3f059ef6-e27f-4c5b-b5b4-1582e1c86b2d,symE,100.000,339,0,0,2080,2418,1,339,0.0,627
6aa6fb91-7529-4eff-a901-a1115a2308d1,pac,98.669,1127,11,4,1,1124,2072,947,0.0,1995
88aa9745-5741-4c90-aa44-a045df302fd5,pac,99.107,224,2,0,1,224,353,576,6.24e-116,403
1fd2e24b-e397-4abc-b7c2-87891d25880f,pac,99.899,1990,1,1,1,1990,550,2538,0.0,3663
1fd2e24b-e397-4abc-b7c2-87891d25880f,pac,99.441,537,2,1,5029,5564,1,537,0.0,974
1fd2e24b-e397-4abc-b7c2-87891d25880f,symE,100.000,302,0,0,2130,2431,1,302,3.25e-161,558
f680fd52-9826-45e0-abeb-1be17e43524d,symE,97.368,38,1,0,269,306,339,302,4.58e-14,65.8
ee06381a-3860-4c36-bac0-4336fd48feb3,pac,95.469,1545,38,24,1,1520,1001,2538,0.0,2436
ee06381a-3860-4c36-bac0-4336fd48feb3,pac,98.185,992,7,7,4563,5547,1,988,0.0,1722
ee06381a-3860-4c36-bac0-4336fd48feb3,symE,98.799,333,0,2,1661,1989,1,333,1.15e-170,590
9389dd9e-4dc1-4e46-ad38-3daaccb2e013,pac,100.000,153,0,0,1,153,1228,1076,5.55e-80,283
a4059667-6a8e-475a-ba35-8c694a6cf621,pac,97.468,158,1,1,1266,1420,1,158,5.60e-74,267
e013f039-24b6-44d9-a887-320922e0a14b,pac,97.766,940,10,5,1,935,934,1,0.0,1609
0a3254bf-e4db-4467-97b9-5d3d1790b422,pac,98.545,2543,18,13,260,2788,1,2538,0.0,4473
0a3254bf-e4db-4467-97b9-5d3d1790b422,symE,97.941,340,4,3,2925,3262,1,339,1.49e-169,586
0375b762-437d-41ff-a51c-6439fd844ef6,pac,99.172,604,3,1,1,602,814,1417,0.0,1086
d3669fa6-66f4-455d-b581-450f25dbdf2a,pac,99.134,2541,9,8,2795,5325,2538,1,0.0,4558
d3669fa6-66f4-455d-b581-450f25dbdf2a,symE,96.793,343,6,4,2315,2656,339,1,5.40e-164,568
d1e5f8dd-5c77-4453-8ce6-65c51f8b8406,pac,100.000,79,0,0,273,351,1,79,1.84e-38,147
dd184870-6b4b-4299-954d-8b89f40ae724,pac,99.058,1486,5,5,22,1506,1061,2538,0.0,2658
dd184870-6b4b-4299-954d-8b89f40ae724,pac,96.728,1039,21,11,4569,5599,1,1034,0.0,1718
dd184870-6b4b-4299-954d-8b89f40ae724,symE,99.412,340,0,2,1646,1984,1,339,1.91e-178,616
7d96ce82-c176-42d0-b3f8-2fe28fbf2ce2,symE,100.000,339,0,0,900,1238,339,1,0.0,627
7d96ce82-c176-42d0-b3f8-2fe28fbf2ce2,pac,100.000,113,0,0,1375,1487,2538,2426,1.00e-56,209
45acbfd6-bad8-47ec-936a-cd639b2e71c1,symE,98.820,339,3,1,89,426,339,1,5.12e-175,603
51827d1e-1e6b-491f-b77e-38171ca038fb,pac,98.873,355,3,1,5,359,1780,2133,0.0,632
9b60aa66-7b37-4e27-9215-43e76f7752f1,pac,97.571,1647,22,14,1,1637,900,2538,0.0,2804
9b60aa66-7b37-4e27-9215-43e76f7752f1,pac,94.215,484,12,11,4706,5177,1,480,0.0,725
9b60aa66-7b37-4e27-9215-43e76f7752f1,symE,98.512,336,3,2,1776,2109,1,336,2.98e-171,592
d347e40d-389d-43b4-b2d0-584f028b19fb,pac,99.312,581,2,1,1,581,579,1,0.0,1050
06885454-4b02-4163-952f-31d7a889166e,symE,100.000,264,0,0,9,272,266,3,5.35e-141,488
80990228-de45-42b1-8613-91d5495e1c3f,pac,99.543,1971,4,4,1,1967,569,2538,0.0,3585
80990228-de45-42b1-8613-91d5495e1c3f,pac,100.000,379,0,0,5026,5404,1,379,0.0,701
80990228-de45-42b1-8613-91d5495e1c3f,symE,100.000,339,0,0,2107,2445,1,339,0.0,627
4e57ad3a-0136-4e20-bced-93144160093a,pac,100.000,289,0,0,1,289,2283,1995,2.72e-155,534
edd88a8e-fdef-441c-a04a-94aece873cbb,pac,99.018,2547,7,14,911,3448,2538,1,0.0,4549
edd88a8e-fdef-441c-a04a-94aece873cbb,symE,99.705,339,0,1,434,771,339,1,1.51e-179,619
0f26637b-ea03-46a0-9e84-e6fb761a9200,pac,99.832,596,1,0,470,1065,2536,1941,0.0,1096
0f26637b-ea03-46a0-9e84-e6fb761a9200,symE,100.000,331,0,0,1,331,331,1,4.67e-178,612
28e919f3-8d43-49b2-aefb-5d51b16b56ce,pac,99.489,587,0,2,1,587,584,1,0.0,1064
c052e903-caaa-4b64-bd5e-a8ac8c041572,pac,99.219,768,3,1,193,957,2538,1771,0.0,1382
c052e903-caaa-4b64-bd5e-a8ac8c041572,symE,95.385,65,0,3,1,63,64,1,4.03e-24,100
5c14e597-165a-4c66-ae54-d89a23668f4b,pac,98.198,2553,19,21,1351,3891,1,2538,0.0,4434
5c14e597-165a-4c66-ae54-d89a23668f4b,symE,99.118,340,1,2,4031,4369,1,339,8.02e-177,610
a00d2b2f-08f2-4d1b-827c-985c291ac57a,pac,100.000,417,0,0,1,417,2537,2121,0.0,771
85f2bb0e-dfbd-46b2-ae3d-c44ba069ddf0,pac,95.122,574,13,12,1,561,1999,1428,0.0,891
3ec55174-be7d-45cd-befd-9d7d466fb1b7,symE,98.582,141,1,1,430,570,339,200,8.06e-69,248
15f12dbd-c66b-402c-ae79-ff614b35a2dc,pac,99.355,1550,6,2,5,1553,1547,1,0.0,2804
15f12dbd-c66b-402c-ae79-ff614b35a2dc,pac,98.156,976,8,7,4588,5554,2538,1564,0.0,1694
15f12dbd-c66b-402c-ae79-ff614b35a2dc,symE,96.755,339,5,4,4114,4446,339,1,9.03e-162,560
3935bafb-6fdd-422f-ad66-488fec62dc8d,pac,99.273,275,0,1,1,275,1299,1571,1.22e-143,496
ee5476c3-3cfb-40b0-812e-993c62e2036b,symE,97.024,336,5,5,316,647,5,339,3.53e-162,560
ee5476c3-3cfb-40b0-812e-993c62e2036b,pac,96.023,176,0,5,6,175,2364,2538,1.11e-77,279
ff255ed7-5394-4a00-8bbb-a135bd76b62f,symE,100.000,339,0,0,369,707,339,1,0.0,627
bc7b6a6d-2a15-4069-898d-32df268c2197,pac,99.479,1151,2,3,2698,3845,2538,1389,0.0,2089
064c7ea0-5bbd-4b8d-bb25-d3ff4e86646e,pac,99.567,2541,5,4,866,3403,2538,1,0.0,4626
064c7ea0-5bbd-4b8d-bb25-d3ff4e86646e,symE,100.000,339,0,0,388,726,339,1,0.0,627
fa80a48c-da6e-47f5-8f79-564dc6641b61,pac,99.646,2541,5,3,411,2950,1,2538,0.0,4639
85784606-8807-4c7c-93c6-a60038569f86,pac,89.481,675,24,23,17,689,630,1,0.0,809
c4555eca-8421-4919-abd6-10309c072a50,pac,99.029,412,2,1,215,624,2538,2127,0.0,737
c4555eca-8421-4919-abd6-10309c072a50,symE,100.000,75,0,0,1,75,75,1,5.52e-36,139
e9427c93-fb2e-438d-b1f4-4c16d65799ee,pac,98.819,1270,12,2,1,1268,1270,2538,0.0,2259
e9427c93-fb2e-438d-b1f4-4c16d65799ee,pac,97.391,1265,18,12,4309,5565,1,1258,0.0,2139
e9427c93-fb2e-438d-b1f4-4c16d65799ee,symE,98.240,341,3,3,1408,1747,1,339,8.92e-172,593
af5d6213-4a90-4448-ab5d-963943883cfb,pac,99.388,490,2,1,1,490,952,1440,0.0,887
0a36fb54-c36e-4555-b12c-b4140a00eb90,pac,99.572,2339,7,3,877,3213,2538,201,0.0,4261
3232bbee-6c8b-4006-9a78-bad28a14769f,pac,100.000,235,0,0,222,456,2538,2304,4.58e-125,435
3232bbee-6c8b-4006-9a78-bad28a14769f,symE,98.630,73,1,0,10,82,73,1,2.42e-33,130
3db73495-7ca7-44ae-8061-a82772ec1431,symE,95.858,338,6,8,255,586,1,336,3.02e-156,540
3db73495-7ca7-44ae-8061-a82772ec1431,pac,98.980,98,1,0,22,119,2441,2538,9.81e-47,176
41d1cc9e-1949-4b55-8872-40af0fd79a7a,symE,99.691,324,1,0,1,324,324,1,7.37e-173,593
63ff5454-c9fd-4188-9ed3-0c18dafbbf19,pac,99.815,540,0,1,1,540,362,900,0.0,990
2e570e67-cff5-44bf-88e1-1b7c8c2e50f9,pac,99.721,2512,0,4,2429,4934,1,2511,0.0,4593
e47f2a96-543a-41e8-8c7b-b57a7ee41b5e,pac,99.783,1840,0,3,3741,5577,2538,700,0.0,3373
e47f2a96-543a-41e8-8c7b-b57a7ee41b5e,pac,99.132,691,3,2,1,691,688,1,0.0,1240
e47f2a96-543a-41e8-8c7b-b57a7ee41b5e,symE,100.000,339,0,0,3265,3603,339,1,0.0,627
fef5175d-2f58-489d-8ed6-5b93ac4440b2,pac,99.373,319,1,1,1,318,1427,1109,4.95e-168,577
9642016c-5133-43dd-b46d-86732255fcd6,pac,98.206,1449,11,9,59,1496,496,1940,0.0,2518
2039df5f-f735-41f1-b1c2-0ba60211074c,pac,98.353,911,11,3,2024,2933,1,908,0.0,1596
c0537cf6-5ee1-4968-9736-aa63b8b38312,pac,98.652,1929,20,5,3708,5631,1,1928,0.0,3413
c0537cf6-5ee1-4968-9736-aa63b8b38312,pac,99.832,594,1,0,3,596,1945,2538,0.0,1092
80e7562e-1ff4-4a93-8d56-d4a62bbaf375,symE,97.661,342,2,3,194,532,1,339,5.56e-169,582
80e7562e-1ff4-4a93-8d56-d4a62bbaf375,pac,96.460,113,1,2,1,110,2426,2538,6.59e-49,183
3240c759-edd3-4306-adbb-ea6bce2e06a7,symE,100.000,292,0,0,1,292,48,339,6.66e-156,540
3240c759-edd3-4306-adbb-ea6bce2e06a7,symE,100.000,34,0,0,3120,3153,1,34,1.76e-12,63.9
beb74774-1d6a-46cb-864d-d5aa9bf61786,pac,99.671,1522,2,2,3791,5312,1,1519,0.0,2780
beb74774-1d6a-46cb-864d-d5aa9bf61786,pac,100.000,717,0,0,10,726,1822,2538,0.0,1325
beb74774-1d6a-46cb-864d-d5aa9bf61786,symE,100.000,339,0,0,871,1209,1,339,0.0,627
4c71381e-8de0-460e-a528-7f9386607ef3,pac,99.101,1557,10,4,1,1556,1554,1,0.0,2795
0fe0af8b-6a07-4eb4-805e-6fbd0a1011e8,pac,97.925,241,2,3,1,241,2004,2241,3.06e-119,414
b54df30a-1803-463d-ade4-9c1c33c53b38,symE,100.000,195,0,0,1,195,195,1,5.55e-102,361
b54df30a-1803-463d-ade4-9c1c33c53b38,symE,100.000,128,0,0,3018,3145,339,212,9.76e-65,237
00de586c-48c0-4ea0-8bed-6f9ca810d6e7,pac,100.000,724,0,0,1,724,1401,2124,0.0,1338
30c19bd1-a749-42f7-a7df-4a325c68f376,symE,99.705,339,0,1,1116,1453,1,339,8.29e-180,619
fc1f19d5-e018-4e44-887d-99912dd70c26,pac,99.803,2539,3,2,2650,5187,2538,1,0.0,4660
fc1f19d5-e018-4e44-887d-99912dd70c26,symE,99.118,340,2,1,2173,2512,339,1,8.87e-177,610
610f60ce-9a1b-4862-a47a-8650b3a995fe,pac,99.449,2540,3,8,408,2938,1,2538,0.0,4602
610f60ce-9a1b-4862-a47a-8650b3a995fe,symE,99.118,340,1,2,3078,3416,1,339,8.84e-177,610
d98eca07-73fc-454b-96d5-08393175c042,pac,100.000,41,0,0,1,41,41,1,3.66e-17,76.8
c4e169cc-70de-44ca-b9ea-0a25064819a7,pac,100.000,97,0,0,985,1081,1,97,5.69e-48,180
888888f1-c18e-445e-a3b6-a5fea9c381d9,pac,100.000,1444,0,0,62,1505,2538,1095,0.0,2667
7f4aa6c1-e2db-4433-bd4c-0fb94332211e,pac,99.724,2540,2,3,366,2902,1,2538,0.0,4647
7f4aa6c1-e2db-4433-bd4c-0fb94332211e,symE,98.820,339,3,1,3043,3380,1,339,1.01e-174,603
7bdda597-ff9f-4b15-9f16-221c95b7a818,pac,97.219,755,14,5,7,759,2100,1351,0.0,1271
fc37170e-bf9d-48eb-bb91-2d7e53cf1b8e,pac,99.331,2543,7,6,1425,3962,1,2538,0.0,4593
fc37170e-bf9d-48eb-bb91-2d7e53cf1b8e,symE,100.000,339,0,0,4099,4437,1,339,0.0,627
0842698d-c3da-40b8-8d5d-3f86140dca52,pac,97.627,927,13,5,971,1891,1,924,0.0,1581
8014ab80-234b-419c-aee6-b168749adfc7,pac,98.319,952,5,5,1,951,942,1,0.0,1659
b2f4cdb1-6802-4a20-affa-e24830a0d777,pac,98.805,502,3,1,1,499,1691,2192,0.0,891
623173b1-d7ab-4620-8e9f-8c35f33d5d28,pac,98.442,1412,6,10,4157,5555,1,1409,0.0,2471
623173b1-d7ab-4620-8e9f-8c35f33d5d28,pac,99.020,1122,4,5,1,1122,1424,2538,0.0,2004
623173b1-d7ab-4620-8e9f-8c35f33d5d28,symE,98.820,339,1,2,1261,1596,1,339,5.32e-174,601
9673a6c0-a71c-482c-ba62-a210dccf991e,pac,100.000,468,0,0,1,468,1874,2341,0.0,865
65b0b19c-ab49-4c98-ac72-e93eb1cb96a7,pac,99.677,310,0,1,1,310,1033,725,1.04e-164,566
cd704f9a-888b-4ab9-a5a0-7362bcb93d78,symE,93.215,339,10,8,394,725,333,1,2.26e-140,486
69333030-6a6e-4868-9879-0792e09879de,pac,99.116,679,2,3,1,677,1862,2538,0.0,1218
69333030-6a6e-4868-9879-0792e09879de,symE,100.000,337,0,0,747,1083,3,339,0.0,623
aaecb7cc-2317-46d0-91c2-fc2a5d143233,pac,99.459,1479,4,2,1,1476,1061,2538,0.0,2684
aaecb7cc-2317-46d0-91c2-fc2a5d143233,pac,99.048,1050,8,2,4530,5578,1,1049,0.0,1882
aaecb7cc-2317-46d0-91c2-fc2a5d143233,symE,100.000,339,0,0,1616,1954,1,339,0.0,627
f9fff679-2981-4f93-a2ef-8f6e358ff358,pac,100.000,626,0,0,503,1128,1,626,0.0,1157
3e71aec0-372e-4f96-94ec-227f71102f8c,pac,99.135,578,5,0,12,589,818,1395,0.0,1040
c20f5b3c-06c5-49ba-9b41-558561fc239f,pac,99.567,1849,2,5,3594,5436,1,1849,0.0,3365
c20f5b3c-06c5-49ba-9b41-558561fc239f,pac,100.000,674,0,0,1,674,1865,2538,0.0,1245
c20f5b3c-06c5-49ba-9b41-558561fc239f,symE,100.000,339,0,0,754,1092,1,339,0.0,627
9e5988eb-b945-49c0-bd6f-26cf0ffd4a17,pac,99.834,1205,0,1,26,1230,1203,1,0.0,2213
0c329128-63a3-4d87-b363-581168c2b681,pac,99.713,696,2,0,1,696,2114,1419,0.0,1275
df7f5a76-bbd2-4658-8366-bae28b56454b,symE,99.705,339,1,0,252,590,1,339,0.0,621
df7f5a76-bbd2-4658-8366-bae28b56454b,pac,99.123,114,0,1,1,113,2425,2538,2.96e-55,204
0715c31b-95fb-4ea3-8a54-439d91ae1722,pac,98.637,587,5,2,1,584,1952,2538,0.0,1037
0715c31b-95fb-4ea3-8a54-439d91ae1722,symE,100.000,339,0,0,727,1065,1,339,0.0,627
b63e95e7-f023-4dea-bd78-b5fa25078229,pac,99.410,2543,10,4,1309,3851,2538,1,0.0,4608
2027b2e3-cc02-4c3d-a0ef-aec365a4b573,pac,99.112,338,2,1,10,346,338,1,1.20e-176,606
5f721929-5e86-4ec1-9b0d-9246dd914599,pac,100.000,485,0,0,1,485,1029,545,0.0,896
878fcf08-f46b-4425-aa13-5ed237081ca1,symE,100.000,336,0,0,285,620,339,4,0.0,621
8a2855f5-f1d5-434b-949b-c038687de981,pac,99.542,437,2,0,1,437,337,773,0.0,797
ffaa8001-3f0c-4bca-84e3-9f2387c9bead,symE,100.000,183,0,0,13,195,339,157,1.53e-96,339
51bd778c-dbcb-4a37-8fe1-20d63900caf6,symE,99.703,337,1,0,1746,2082,337,1,2.12e-179,617
8b2dc029-d876-4987-a575-2e2822e1857c,pac,99.767,1716,0,4,18,1730,824,2538,0.0,3144
8b2dc029-d876-4987-a575-2e2822e1857c,pac,90.789,304,12,9,4782,5076,1,297,3.20e-111,392
8b2dc029-d876-4987-a575-2e2822e1857c,symE,99.705,339,1,0,1870,2208,1,339,3.75e-180,621
2f82864a-4739-43a3-89fd-9a352e5bc64c,pac,99.281,139,1,0,1,139,1906,2044,1.42e-70,252
d0fc331c-942c-42da-b120-860576914a02,pac,100.000,1111,0,0,2343,3453,1,1111,0.0,2052
d32cf685-89c3-46bb-ae1f-31640c2be885,pac,98.953,191,0,2,1,189,2184,1994,4.11e-97,340
b66663c9-e214-4a49-ae2e-fb39f0144efa,symE,99.706,340,0,1,73,412,339,1,0.0,621
0c89c93a-e847-4382-b675-e74a40b10722,symE,99.410,339,1,1,387,724,1,339,9.42e-179,614
82bd067e-b70c-42af-b8d9-6175c9e82dd0,symE,98.113,53,1,0,258,310,339,287,2.13e-22,93.5
99ab7dc3-c8e2-4985-9148-4f4e1bec0d48,pac,99.801,2509,2,1,1,2506,30,2538,0.0,4602
146568a8-493e-446c-bed2-30c7863e18c1,pac,100.000,290,0,0,16,305,290,1,1.03e-155,536
4d6d8ed2-f8c8-43c6-997f-317530e60bed,pac,99.432,2113,5,4,3467,5575,1,2110,0.0,3829
4d6d8ed2-f8c8-43c6-997f-317530e60bed,pac,100.000,418,0,0,1,418,2121,2538,0.0,773
4d6d8ed2-f8c8-43c6-997f-317530e60bed,symE,100.000,339,0,0,558,896,1,339,0.0,627
e9827002-3de8-46aa-a43a-9b80791c4da1,pac,99.598,497,2,0,95,591,2538,2042,0.0,907
e9310cfe-4394-47cb-8f7e-ebcb3e5f4787,pac,99.730,371,0,1,1,371,2030,1661,0.0,678
6884ded1-601c-41fe-834d-a4412a0b0684,symE,100.000,339,0,0,2484,2822,339,1,0.0,627
e0fd491b-f5ab-4f5b-983c-9a276cb6de3a,pac,99.394,1979,4,7,3595,5569,2538,564,0.0,3581
e0fd491b-f5ab-4f5b-983c-9a276cb6de3a,pac,99.453,548,2,1,1,547,548,1,0.0,994
e0fd491b-f5ab-4f5b-983c-9a276cb6de3a,symE,99.705,339,1,0,3118,3456,339,1,4.10e-180,621
631c0bdf-636d-47f0-bcef-68d373ea4575,pac,98.063,1342,13,10,340,1672,2538,1201,0.0,2322
631c0bdf-636d-47f0-bcef-68d373ea4575,symE,98.467,261,4,0,1,261,261,1,2.82e-132,460
60992808-bb23-4052-9718-20728ecc1bcf,pac,98.820,2543,15,12,723,3257,2536,1,0.0,4516
60992808-bb23-4052-9718-20728ecc1bcf,symE,99.120,341,1,1,249,589,339,1,2.45e-177,612
affbcb1d-89e9-4b17-9dd7-66c2f927eb5a,pac,98.900,2545,17,9,2699,5239,1,2538,0.0,4534
affbcb1d-89e9-4b17-9dd7-66c2f927eb5a,symE,100.000,198,0,0,5379,5576,1,198,2.12e-103,366
affbcb1d-89e9-4b17-9dd7-66c2f927eb5a,symE,99.138,116,0,1,7,121,224,339,1.36e-55,207
78acae36-35bb-4e31-9b5a-175bbc6044dd,symE,99.649,285,1,0,181,465,1,285,3.48e-151,521
78acae36-35bb-4e31-9b5a-175bbc6044dd,pac,100.000,113,0,0,1,113,2426,2538,3.08e-57,209
b5603fdf-5baf-41d9-bc88-84fef4092c24,pac,97.519,524,6,6,1318,1838,2538,2019,0.0,889
5375377d-e908-4ff7-8e5d-5fba943cc662,pac,97.612,2219,31,19,1,2203,2213,1,0.0,3784
5375377d-e908-4ff7-8e5d-5fba943cc662,pac,95.793,309,6,3,5236,5537,2536,2228,3.33e-141,492
5375377d-e908-4ff7-8e5d-5fba943cc662,symE,96.755,339,8,3,4761,5096,339,1,2.50e-162,562
f30425fa-9ef7-4c93-b09d-b001c652f0db,pac,99.710,345,0,1,92,435,2538,2194,0.0,630
b85cdccd-a686-4e40-a2e7-c4401f9aecfd,pac,99.468,2255,7,4,573,2825,1,2252,0.0,4093
b4dd5404-52b7-4c3a-a4ee-a8d85b4aafe4,pac,98.624,436,3,2,1,434,1320,886,0.0,769
b5281d47-ab27-4477-9562-51247ccd8d4f,pac,99.861,1444,1,1,975,2417,1,1444,0.0,2654
e9015fe8-da2f-4cb3-8671-8865528a084d,pac,100.000,874,0,0,4,877,2067,1194,0.0,1615
3557802a-e856-4ccb-bfe9-b85a712ffd7f,pac,96.402,1862,35,23,424,2264,1,1851,0.0,3038
778fc128-bee7-48da-9ab9-4d7656f578ad,pac,99.587,484,1,1,5,488,1546,1064,0.0,881
44e5525e-f674-472b-8718-9421d2296434,pac,99.482,1159,3,3,3522,4679,1,1157,0.0,2104
44e5525e-f674-472b-8718-9421d2296434,pac,100.000,471,0,0,1,471,2068,2538,0.0,870
44e5525e-f674-472b-8718-9421d2296434,symE,98.820,339,1,2,611,946,1,339,4.48e-174,601
11ac1b5e-bf81-4d86-9968-b0520c884f56,symE,100.000,339,0,0,411,749,1,339,0.0,627
11ac1b5e-bf81-4d86-9968-b0520c884f56,pac,100.000,326,0,0,18,343,2213,2538,4.85e-175,603
444144f8-3391-4175-8577-93385737ba5e,pac,99.606,2541,6,4,1934,4473,2538,1,0.0,4634
444144f8-3391-4175-8577-93385737ba5e,symE,97.640,339,3,4,1463,1797,338,1,9.00e-167,577
189caf3f-a73a-4a50-a763-4088d619ca40,pac,95.876,485,6,9,1,473,46,528,0.0,773
3b5622e8-d1cf-42e7-bdb6-728cf33f9f5a,symE,100.000,153,0,0,1,153,153,1,1.73e-79,283
3b5622e8-d1cf-42e7-bdb6-728cf33f9f5a,pac,92.899,169,3,4,292,451,2538,2370,1.37e-65,237
4bf6f8ce-d851-40de-9699-f32aa02f6246,pac,100.000,721,0,0,1,721,1614,894,0.0,1332
1616903e-953a-4906-a6a5-ca6e6f52a9a7,pac,99.895,950,0,1,1,950,1043,1991,0.0,1748
c6773803-5aa7-44b5-9233-51c8230eac22,pac,98.974,1170,5,5,10,1174,1168,1,0.0,2087
c6773803-5aa7-44b5-9233-51c8230eac22,pac,88.679,530,28,24,4226,4731,2538,2017,4.50e-179,617
c6773803-5aa7-44b5-9233-51c8230eac22,symE,100.000,339,0,0,3745,4083,339,1,0.0,627
099d2d9e-b263-4402-a4c1-b58279ffe328,pac,96.139,1839,35,23,2671,4480,1,1832,0.0,2970
099d2d9e-b263-4402-a4c1-b58279ffe328,symE,92.035,113,6,3,3,114,229,339,4.01e-40,156
eca6c194-df16-4531-a331-eb327c4035c6,pac,99.507,1217,2,2,1,1216,1325,2538,0.0,2211
eca6c194-df16-4531-a331-eb327c4035c6,symE,100.000,339,0,0,1356,1694,1,339,0.0,627
37684aaa-ae76-4ad6-8fef-31d9c17b9473,pac,99.191,1236,2,5,2476,3707,2538,1307,0.0,2220
37684aaa-ae76-4ad6-8fef-31d9c17b9473,symE,98.525,339,1,3,2074,2408,339,1,1.65e-172,595
3c927339-f531-4a06-b72d-cda71e9dba52,symE,98.925,93,0,1,581,673,339,248,9.84e-44,165
1b4c0a48-76c5-4e1b-a0e1-a975197dbf90,pac,100.000,1131,0,0,541,1671,1,1131,0.0,2089
fae1549b-5093-4279-af75-c15f80ec6884,pac,98.691,382,1,3,17,396,2461,2082,0.0,675
3aac7fad-f5a0-41da-a5d6-d18a1e1c27f1,pac,99.333,1199,4,3,3191,4386,2538,1341,0.0,2167
3aac7fad-f5a0-41da-a5d6-d18a1e1c27f1,pac,99.231,130,0,1,1,129,130,1,1.76e-63,233
3aac7fad-f5a0-41da-a5d6-d18a1e1c27f1,symE,100.000,339,0,0,2713,3051,339,1,0.0,627
9cb1fe86-229d-4850-ade7-ca3f85d758c0,pac,99.444,1260,3,3,4,1259,1279,2538,0.0,2285
9cb1fe86-229d-4850-ade7-ca3f85d758c0,symE,100.000,335,0,0,1403,1737,5,339,5.44e-180,619
bf715a89-87ce-4d38-ac01-288c22ff9171,pac,98.691,1222,12,3,1,1221,2535,1317,0.0,2165
b330054a-0257-49bf-8614-aa8f27db462a,symE,100.000,339,0,0,2057,2395,1,339,0.0,627
ccaf494a-58c5-41e8-a816-528766885f62,pac,99.769,432,1,0,1,432,432,1,0.0,793
850d3bf9-f958-47b2-82a5-ff4a949f8938,pac,99.641,835,2,1,454,1288,1,834,0.0,1524
8e382792-7284-412d-b7e2-d541c91fcf67,pac,99.497,1193,4,1,1,1193,833,2023,0.0,2169
4e27eca7-8cd5-483e-805c-90a6dd784e19,pac,97.686,821,12,7,1,817,818,1,0.0,1404
4e27eca7-8cd5-483e-805c-90a6dd784e19,symE,99.342,304,1,1,3385,3687,339,36,1.30e-158,549
be992f04-4183-4c4b-8bba-dd60b1a3bac9,pac,97.516,805,13,5,2901,3703,1,800,0.0,1369
be992f04-4183-4c4b-8bba-dd60b1a3bac9,symE,99.662,296,1,0,31,326,44,339,2.18e-156,542
81547174-50c5-4265-a388-af345e3a88c7,pac,96.592,2553,46,33,129,2655,2538,1,0.0,4194
81547174-50c5-4265-a388-af345e3a88c7,symE,96.615,325,5,4,5231,5555,336,18,5.47e-154,534
36523e2f-e0f3-4fc2-8c70-ccb6e4d4d5c9,symE,99.115,339,2,1,243,580,1,339,1.31e-176,608
36523e2f-e0f3-4fc2-8c70-ccb6e4d4d5c9,pac,100.000,103,0,0,1,103,2436,2538,5.61e-51,191
f40a00f1-5148-4e9f-8c5d-df39ee09adbd,pac,99.000,300,1,2,1,298,2198,2497,7.90e-156,536
b84f5624-3d78-4bed-9b9d-79a62762f73f,symE,100.000,339,0,0,2182,2520,1,339,0.0,627
705c0bac-4eaf-4cdb-bb5f-a641edda7adb,pac,98.921,834,3,4,1,829,153,985,0.0,1485
b8f73baa-15a9-40e2-b633-e647cb4dd09a,pac,99.754,406,0,1,1,405,178,583,0.0,743
176d5a46-2ffd-45af-88bc-c7baeddd414e,pac,99.265,408,1,2,1,408,599,194,0.0,736
71c30965-453a-4d2a-b616-8408b28fb77e,symE,98.235,340,4,2,364,702,339,1,1.58e-172,593
71c30965-453a-4d2a-b616-8408b28fb77e,pac,96.178,157,3,3,835,991,2538,2385,3.04e-70,254
bd83622c-c647-41fc-ac06-5e3001abb824,pac,99.867,1502,0,2,1,1500,650,2151,0.0,2761
f3934e01-d068-41e3-b01e-b3761fa464b3,pac,99.618,262,0,1,12,272,1447,1186,4.39e-138,477
5f470bf1-ee2c-4d4f-a229-4804e88cbf83,pac,96.927,2180,28,29,1,2165,383,2538,0.0,3618
5f470bf1-ee2c-4d4f-a229-4804e88cbf83,pac,93.915,378,12,9,5213,5585,1,372,9.08e-162,560
5f470bf1-ee2c-4d4f-a229-4804e88cbf83,symE,96.784,342,7,3,2307,2647,1,339,5.42e-164,568
fd1719f0-3a38-455e-a6da-09d252346223,pac,100.000,193,0,0,3,195,1083,891,4.19e-102,357
ae12788f-6526-4750-8a3f-dd48843decc2,pac,98.473,1113,5,9,4,1105,183,1294,0.0,1951
371c889f-9da8-4107-afb0-88c83232457b,pac,100.000,321,0,0,1,321,1862,2182,4.98e-173,593
5b3917c5-97fe-4a00-8a37-5f4439ca7724,pac,99.149,1293,5,5,1,1290,1290,1,0.0,2322
f42466b7-bd7d-442f-9324-bc8fe8bfdc3f,pac,99.745,2350,5,1,1925,4274,1,2349,0.0,4305
85623fc1-062d-44bf-8fe2-142e3916b0ca,pac,99.404,2012,7,3,10,2017,2011,1,0.0,3644
b5fb45ee-0b75-4156-9a9c-7e7156825ee6,pac,98.527,679,6,3,3349,4026,2538,1863,0.0,1195
b5fb45ee-0b75-4156-9a9c-7e7156825ee6,pac,99.003,301,0,1,1,298,301,1,1.10e-154,536
b5fb45ee-0b75-4156-9a9c-7e7156825ee6,symE,99.115,339,3,0,2871,3209,339,1,6.40e-177,610
24699026-127e-428e-9cc2-e5de1a8ed9b9,pac,98.886,449,1,2,1,449,2212,1768,0.0,798
a1c705ad-b2ad-4d43-b5bf-8a43834a307e,pac,99.056,2542,9,11,26,2556,1,2538,0.0,4547
88e91490-c5a3-4516-80d6-001dcbe4267a,pac,99.096,2544,7,7,1132,3665,2538,1,0.0,4556
766725f4-074a-4c00-aeeb-6a056ebd81f5,pac,98.673,2035,10,12,810,2832,2538,509,0.0,3592
766725f4-074a-4c00-aeeb-6a056ebd81f5,symE,100.000,339,0,0,332,670,339,1,0.0,627
3fb096d2-fa44-4dd9-a760-3461b5b692c1,symE,100.000,94,0,0,1,94,246,339,1.26e-46,174
eebd0ca0-a268-4f87-bad3-e492354553ee,pac,100.000,236,0,0,1,236,2406,2171,6.41e-126,436
625a9fa5-dafd-46e3-9797-ae93540f0ea1,pac,99.371,2542,5,5,637,3171,1,2538,0.0,4595
625a9fa5-dafd-46e3-9797-ae93540f0ea1,symE,100.000,339,0,0,3311,3649,1,339,0.0,627
fd5fe89d-4830-491d-9880-13713e40749b,pac,99.096,2545,14,7,1692,4234,2538,1,0.0,4564
fd5fe89d-4830-491d-9880-13713e40749b,symE,97.059,340,7,2,1216,1553,339,1,1.51e-164,569
b0b42291-43a2-43a0-84ad-9f8d9eee2c78,symE,99.706,340,0,1,2419,2758,1,339,2.27e-180,621
534f0e30-5ce1-462a-aeaf-dc6af4d8d6a6,pac,99.225,1419,2,6,1,1413,1416,1,0.0,2551
cb8e238f-f434-41bd-b68a-9f5a16c48203,symE,100.000,112,0,0,11,122,263,152,2.70e-57,207
8d1bcc23-fa64-4b1e-9a93-d8d4c3dc6880,symE,100.000,337,0,0,2704,3040,339,3,0.0,623
228c3536-8fd8-4a97-a5f1-bb742a4f25ae,pac,99.801,2015,2,2,1,2015,526,2538,0.0,3698
228c3536-8fd8-4a97-a5f1-bb742a4f25ae,pac,100.000,505,0,0,4991,5495,1,505,0.0,933
228c3536-8fd8-4a97-a5f1-bb742a4f25ae,symE,97.059,340,4,4,2083,2417,1,339,5.34e-164,568
1f0554af-d252-4aef-92d2-f81e33007ef6,pac,98.413,819,10,3,1,817,818,1,0.0,1437
ffc0e533-7ba6-49f9-986c-13cf489775a0,pac,97.852,512,6,5,1,509,2026,2535,0.0,880
ffc0e533-7ba6-49f9-986c-13cf489775a0,symE,98.220,337,2,4,644,978,5,339,5.69e-170,586
9ae74d87-30a2-4e13-b148-b5b9b1a5ca0b,pac,99.954,2153,1,0,875,3027,2538,386,0.0,3971
9ae74d87-30a2-4e13-b148-b5b9b1a5ca0b,symE,100.000,339,0,0,397,735,339,1,0.0,627
ec967c1f-c6cc-4c0e-9cc7-9133b41cc855,symE,95.072,345,7,8,362,702,339,1,9.06e-155,534
25f759dc-1356-4409-9c4c-03f3e8810ef4,pac,97.121,799,8,7,846,1631,1,797,0.0,1334
6dee0a9c-9f07-432d-98f7-6f814c237d64,pac,99.389,2292,7,5,986,3271,2538,248,0.0,4148
6dee0a9c-9f07-432d-98f7-6f814c237d64,symE,100.000,339,0,0,508,846,339,1,0.0,627
5a4a4a83-1b36-44f6-aa6e-c48f261aad31,symE,100.000,339,0,0,1538,1876,1,339,0.0,627
d4673be0-55a0-4c5d-a969-65b931f15cb7,pac,99.283,837,4,1,1,835,1702,2538,0.0,1511
d4673be0-55a0-4c5d-a969-65b931f15cb7,symE,99.355,310,0,2,978,1286,1,309,2.11e-162,560
076172b7-781b-4570-8b7d-57abc8e0029d,pac,99.556,900,3,1,258,1156,1,900,0.0,1639
de80df6a-7d87-442d-8455-4acf7148bd86,pac,99.284,2373,12,5,11,2380,2371,1,0.0,4283
de80df6a-7d87-442d-8455-4acf7148bd86,pac,100.000,143,0,0,5430,5572,2538,2396,7.95e-73,265
de80df6a-7d87-442d-8455-4acf7148bd86,symE,100.000,339,0,0,4952,5290,339,1,0.0,627
9faa6595-1051-4e7d-9b49-c0c85887a589,symE,98.820,339,4,0,1321,1659,339,1,1.59e-175,604
9faa6595-1051-4e7d-9b49-c0c85887a589,pac,95.055,364,9,8,1798,2155,2535,2175,2.70e-163,564
8d9344a8-be3e-4139-b102-0584d71d0543,pac,99.688,321,0,1,1,320,1117,1437,8.28e-171,586
7144d557-71b8-4df4-9f9f-dd585efe1893,symE,98.230,339,5,1,1298,1635,1,339,1.75e-171,592
c1fafdc2-3a73-49a9-8ed1-4acebd5863a9,pac,98.622,798,5,5,1,793,1472,2268,0.0,1408
4a9fa607-b8d2-4eea-8942-3e498aa98bb5,pac,99.458,738,3,1,4,740,1801,2538,0.0,1339
4a9fa607-b8d2-4eea-8942-3e498aa98bb5,symE,99.705,339,1,0,878,1216,1,339,0.0,621
c2500fa4-6e67-47d4-b86d-fddd399c3708,pac,99.219,768,3,3,20,784,1153,1920,0.0,1382
a9d50d20-cc4b-4d72-b7ee-fa264ec1554f,pac,99.858,706,0,1,1502,2207,2536,1832,0.0,1297
a9d50d20-cc4b-4d72-b7ee-fa264ec1554f,symE,98.799,333,1,1,1032,1361,333,1,4.56e-171,590
71170e59-2125-4be6-b695-ef2e7166d485,pac,99.560,909,0,2,29,933,2538,1630,0.0,1653
3effbcb5-4a53-4f56-b6f1-15d58ece9733,pac,98.844,2422,11,10,1,2407,119,2538,0.0,4301
3effbcb5-4a53-4f56-b6f1-15d58ece9733,symE,97.935,339,4,3,2543,2878,1,339,3.24e-169,584
0754dd0d-889a-461e-b400-3ab4c8335001,pac,99.558,678,2,1,1,678,313,989,0.0,1234
2b242210-f392-447f-85e1-2ce48fc0792f,symE,98.333,120,1,1,3,122,221,339,2.92e-57,209
7d15312c-adc4-40ae-9bb0-0cf48b55f4e1,symE,100.000,209,0,0,1,209,131,339,4.30e-110,387
fc90cc7c-cc35-44a9-bcd2-eef7010e76eb,pac,98.050,359,6,1,1,358,2180,2538,0.0,623
fc90cc7c-cc35-44a9-bcd2-eef7010e76eb,symE,99.413,341,0,1,498,838,1,339,2.40e-179,617
b673727f-0464-46ae-a5e1-5a562173c619,pac,99.192,1237,4,5,379,1614,2538,1307,0.0,2224
b673727f-0464-46ae-a5e1-5a562173c619,symE,98.361,244,3,1,1,243,244,1,2.76e-122,427
1ef20c4b-5d9d-4aa9-977c-4a706df8d097,pac,97.762,1877,24,14,3642,5503,1,1874,0.0,3217
1ef20c4b-5d9d-4aa9-977c-4a706df8d097,pac,98.871,620,5,2,1,620,1921,2538,0.0,1105
1ef20c4b-5d9d-4aa9-977c-4a706df8d097,symE,94.203,345,5,13,760,1095,1,339,2.55e-147,512
a0a4b77c-315e-4938-a435-29cd7a8b741d,pac,99.929,1406,1,0,1813,3218,1,1406,0.0,2591
f54b034a-4028-4d15-93ef-0fd56c14f4bf,symE,100.000,291,0,0,237,527,339,49,3.93e-156,538
4a75e15c-914c-406d-88de-bafd1edbba01,pac,99.305,863,4,2,12,873,971,110,0.0,1559
a24415cf-e13b-4f26-8dc8-007352baafa8,pac,99.682,314,0,1,1,313,1371,1058,6.28e-167,573
707207e3-a9ac-4966-8682-9c689d5966a9,pac,99.668,301,0,1,1,300,1043,1343,1.05e-159,549
aac5aead-a5a6-4fa5-a07f-745ff610a61e,pac,99.872,2338,2,1,1,2337,2338,1,0.0,4300
aac5aead-a5a6-4fa5-a07f-745ff610a61e,pac,100.000,186,0,0,5412,5597,2538,2353,9.97e-97,344
a6e5141f-65de-4f93-ac60-241a837680b1,pac,99.364,2358,5,7,300,2655,2538,189,0.0,4263
a6e5141f-65de-4f93-ac60-241a837680b1,symE,100.000,161,0,0,1,161,173,13,3.75e-83,298
f410229c-2b30-4e44-8aa3-f5c4ff6b6ab7,pac,98.413,756,8,4,1,753,126,880,0.0,1327
0161e016-1328-4711-be8b-025a620748e1,pac,99.138,696,2,3,15,707,695,1,0.0,1249
586d5210-40c1-49d7-83a3-1e98b7b3c3f0,pac,99.587,484,1,1,6,488,1002,519,0.0,881
9ff4b641-252b-40c7-a3d8-2024b5d91a63,symE,99.038,312,3,0,1,312,312,1,5.30e-163,560
9d4265e9-1f08-41fc-b8f1-370eda5ceea2,pac,99.613,1549,0,4,5,1549,1547,1,0.0,2822
40ff8f5f-fd4c-4a0e-803b-faa905a42c16,pac,98.666,2549,11,16,2888,5426,2536,1,0.0,4497
37115927-c5bc-4414-8f5f-7ec43409436a,pac,99.615,260,1,0,1,260,1173,914,1.50e-137,475
dff5de6d-a1bc-458d-9688-db79689535bf,pac,96.800,250,3,4,1,247,433,186,1.13e-118,412
3997393b-8c81-4dc8-aa7a-92af350aca2e,pac,99.528,2542,5,5,93,2631,2538,1,0.0,4621
3997393b-8c81-4dc8-aa7a-92af350aca2e,symE,98.525,339,3,1,5215,5551,339,1,6.92e-173,597
d8552430-f75b-44f3-8427-03de4033b31d,symE,99.070,215,2,0,787,1001,339,125,2.89e-110,387
00f48312-59f6-425b-a201-d47d3aa51187,pac,98.614,1010,8,5,114,1117,1,1010,0.0,1783
4f7520eb-ad87-4cde-a1a8-60238f3815cb,pac,98.454,1358,4,11,8,1355,1188,2538,0.0,2375
4f7520eb-ad87-4cde-a1a8-60238f3815cb,pac,96.045,354,8,3,4157,4506,20,371,3.38e-165,571
4f7520eb-ad87-4cde-a1a8-60238f3815cb,symE,97.953,342,0,3,1494,1831,1,339,1.21e-169,586
5b8bb943-5a56-455a-bbf7-a9a249650b91,symE,100.000,99,0,0,1,99,241,339,7.95e-49,183
71d2221c-493b-4124-ac27-366d1bc7269f,pac,99.778,450,1,0,1,450,205,654,0.0,826
c1cc9494-2274-46a2-b402-2282cef5a064,pac,99.567,2539,10,1,1650,4188,1,2538,0.0,4626
c1cc9494-2274-46a2-b402-2282cef5a064,symE,99.706,340,0,1,4328,4667,1,339,4.10e-180,621
571bc0e9-94bf-448d-a521-921c7d850bf5,symE,98.261,115,2,0,215,329,339,225,3.61e-55,202
d24d7f40-8f96-4b07-afbb-d6164d982fc6,pac,99.814,2150,0,2,1,2147,2149,1,0.0,3945
397b37b1-6714-4d32-80c8-17073e4953ce,pac,98.889,360,1,1,1,357,360,1,0.0,640
49efc2be-7f6f-41aa-95f3-631366640217,pac,99.823,1129,2,0,1,1129,1001,2129,0.0,2074
f6e81434-e249-4b54-8011-55f0ec8677dd,pac,99.645,2538,6,3,800,3334,1,2538,0.0,4634
f6e81434-e249-4b54-8011-55f0ec8677dd,symE,99.706,340,0,1,3414,3753,1,339,4.06e-180,621
fe01ec49-fafa-4a23-9e08-99c6cf6ca52b,pac,99.617,522,1,1,1,522,543,1063,0.0,952
ddb2f74f-ba46-42c5-95b4-2c8be35622c5,pac,99.750,400,0,1,1,400,553,155,0.0,732
3219b113-6771-47c2-9c23-6f22cc6a1279,pac,97.124,452,9,4,1,448,2536,2085,0.0,760
e97327ba-c563-4d2c-b99b-3e972435ca08,pac,98.350,303,1,4,12,311,1566,1867,1.37e-153,529
17c175d5-ac7d-4cb4-9056-d1c42f39e128,pac,98.556,2077,10,12,1,2063,463,2533,0.0,3651
17c175d5-ac7d-4cb4-9056-d1c42f39e128,symE,100.000,339,0,0,2209,2547,1,339,0.0,627
2768dbac-ed3a-49a1-9aec-ec22d9e1a442,symE,100.000,339,0,0,1097,1435,339,1,0.0,627
8b86d63f-e487-4208-a779-92f9d54e4940,pac,98.415,1388,16,5,426,1808,1,1387,0.0,2436
9d903715-95ee-4044-bfef-ba42457eef5c,pac,98.744,1990,16,6,6,1990,1986,1,0.0,3528
9d903715-95ee-4044-bfef-ba42457eef5c,pac,100.000,536,0,0,5033,5568,2538,2003,0.0,990
9d903715-95ee-4044-bfef-ba42457eef5c,symE,98.230,339,4,2,4558,4894,339,1,3.21e-171,592
cd145cc0-b2a5-4422-842d-b06f8aedc842,pac,99.353,309,2,0,428,736,1,309,1.18e-162,560
48330f08-edd2-453f-9a3e-258c46064df4,pac,100.000,1272,0,0,305,1576,2538,1267,0.0,2350
48330f08-edd2-453f-9a3e-258c46064df4,symE,98.795,166,0,2,1,165,165,1,2.85e-82,294
f8e69c1c-54fb-40e4-83c7-806dfb95a444,pac,99.390,1148,2,3,2,1145,175,1321,0.0,2076
b05fa4e7-5b94-4c70-9e3e-54906e472219,pac,100.000,55,0,0,410,464,1,55,5.35e-25,102
55a6b843-a4d2-4c8b-a114-76724ad4b320,pac,99.300,2001,9,3,3568,5568,2538,543,0.0,3613
55a6b843-a4d2-4c8b-a114-76724ad4b320,pac,99.437,533,0,2,1,533,530,1,0.0,965
55a6b843-a4d2-4c8b-a114-76724ad4b320,symE,95.335,343,9,7,3098,3437,339,1,4.24e-155,538
e8a9eadd-9ec5-42f2-b8f5-9128cc908387,pac,98.514,2154,15,14,339,2482,2538,392,0.0,3784
e8a9eadd-9ec5-42f2-b8f5-9128cc908387,symE,98.000,200,2,2,1,199,199,1,1.23e-97,346
c0a9b0cf-23a5-4663-81cb-90feb20220df,pac,99.109,449,1,3,1,446,2215,1767,0.0,804
7cdcdb39-c636-4f06-9358-3f158071a51b,pac,99.850,668,0,1,1,667,668,1,0.0,1227
ca0fe121-0c68-4d15-9935-b6441cbef3e1,symE,96.165,339,5,7,718,1048,1,339,1.67e-158,547
f73f3132-c6d4-44d7-b2d2-9d27b9cea774,pac,99.623,796,2,1,21,815,796,1,0.0,1452
db01efe0-4c30-4a7a-ac67-13d49c039ae5,pac,99.375,800,3,2,95,893,1,799,0.0,1448
3eee4b00-df63-4609-b2b0-bff07594716b,pac,98.844,346,4,0,385,730,2538,2193,6.91e-180,617
3eee4b00-df63-4609-b2b0-bff07594716b,symE,99.062,320,1,2,1,318,322,3,1.52e-166,573
18ea59a4-e874-4551-a880-711d4091ef23,pac,98.922,1763,15,4,4,1762,765,2527,0.0,3147
18ea59a4-e874-4551-a880-711d4091ef23,pac,98.133,750,5,6,4826,5568,1,748,0.0,1299
18ea59a4-e874-4551-a880-711d4091ef23,symE,98.820,339,3,1,1918,2255,1,339,1.48e-174,603
ba2cb4d8-4724-49f7-809c-cf771a47be23,pac,98.824,170,1,1,1,169,2074,2243,1.72e-85,302
0fae991b-19c5-45cc-90ee-a442bd81e1f2,pac,99.911,1128,1,0,983,2110,1,1128,0.0,2078
0070c9f0-15d0-4a5f-b184-df9bb8774052,pac,99.788,945,1,1,11,955,944,1,0.0,1733
1a5f0a2b-dc1f-4b47-99ae-f8322ed350c9,pac,99.304,1006,4,3,1,1004,1005,1,0.0,1816
50f63a44-9c97-40f7-9ca7-72d5829445f4,pac,98.723,940,7,5,5,941,1420,483,0.0,1664
86d554e1-4106-419d-b698-0403395562c7,pac,99.000,400,2,1,1,398,1545,1944,0.0,715
6038115c-87d1-433a-8a59-a2232d1aeaec,symE,97.059,340,8,2,382,720,339,1,2.32e-165,571
dee1d318-7312-4672-9d24-12e1059c6612,pac,99.537,1079,2,1,349,1424,2538,1460,0.0,1962
dee1d318-7312-4672-9d24-12e1059c6612,symE,98.077,208,1,3,6,213,205,1,8.99e-102,359
6ec26567-b93a-4fca-9c39-41987c03648f,pac,99.861,721,1,0,521,1241,2538,1818,0.0,1327
6ec26567-b93a-4fca-9c39-41987c03648f,symE,99.705,339,1,0,44,382,339,1,0.0,621
0f8cf59e-695b-419b-afda-c19f73b682db,symE,98.635,293,2,1,8,298,293,1,5.28e-150,518
0f8cf59e-695b-419b-afda-c19f73b682db,pac,100.000,110,0,0,435,544,2538,2429,1.68e-55,204
8bc32b81-d6f4-41d5-9cb9-779bb64cba24,pac,99.287,1122,5,3,5,1124,1848,728,0.0,2025
eb032961-dd47-4acc-a124-eafc940f6ff1,pac,99.713,348,0,1,1578,1924,1,348,0.0,636
466d4196-1dfe-4c17-a342-5200f6a89bdd,pac,100.000,367,0,0,1,367,367,1,0.0,678
42f68905-03a6-4829-9f86-efc546807c0e,pac,99.813,1602,1,2,1,1601,1601,1,0.0,2940
4b90dba3-1066-4e99-8498-f282cf7f14e6,pac,100.000,126,0,0,1,126,42,167,4.58e-65,233
fd6637f1-bb04-4b6a-acdf-b713bc297e2f,pac,98.933,375,2,2,1,374,1881,2254,0.0,669
b2fdbb3c-80dd-4821-97ad-8f7ca6331916,pac,96.543,376,3,4,20,385,64,439,4.60e-179,614
d71aceac-9ad9-4f00-a900-07f5a5530cb8,pac,98.935,1314,8,5,1,1312,1310,1,0.0,2344
d8417ac8-f392-445b-888a-52adf1e19175,pac,98.548,2549,18,12,1480,4020,2538,1,0.0,4484
d8417ac8-f392-445b-888a-52adf1e19175,symE,99.118,340,2,1,1001,1340,339,1,8.86e-177,610
d45ca67e-c0a0-4add-9c84-bc924adfad2d,pac,99.135,2543,9,9,707,3241,2538,1,0.0,4562
d45ca67e-c0a0-4add-9c84-bc924adfad2d,symE,100.000,339,0,0,229,567,339,1,0.0,627
85cf1d4b-c5f4-4bf8-a221-606b8baaa9f6,pac,99.798,495,1,0,759,1253,2538,2044,0.0,909
566e7858-dc3c-46c3-9dd4-ac60c575aab1,symE,100.000,339,0,0,431,769,339,1,0.0,627
59f8d6ba-e648-4a82-82ff-f7b1bb153519,symE,94.805,154,4,1,459,612,339,190,1.87e-65,237
8b92e383-d7a5-49b2-9c5a-9b60b67bd5ee,pac,99.382,2429,7,5,7,2430,2426,1,0.0,4396
8b92e383-d7a5-49b2-9c5a-9b60b67bd5ee,symE,95.946,74,3,0,7166,7239,339,266,2.45e-29,121
7c84871d-c512-4502-ab4d-021b829270c6,symE,100.000,125,0,0,1408,1532,339,215,2.20e-63,231
21c7cc78-12e2-4ae6-bdd7-9f92a7dde8eb,pac,99.429,1928,7,4,857,2782,1,1926,0.0,3496
dee9489a-c6ef-4f52-8516-671fcc41ca8f,pac,99.460,1852,6,4,1,1849,1851,1,0.0,3362
2988ad2f-273f-4b4c-888b-6b8ec4a68367,pac,100.000,208,0,0,1,208,2331,2538,5.31e-110,385
2988ad2f-273f-4b4c-888b-6b8ec4a68367,symE,96.067,178,0,3,348,518,1,178,1.99e-79,283
4cd5d2ce-d22e-4d4d-abdc-8fb2b4e1412a,pac,99.529,1275,4,2,215,1488,2538,1265,0.0,2320
4cd5d2ce-d22e-4d4d-abdc-8fb2b4e1412a,symE,100.000,75,0,0,1,75,75,1,1.33e-35,139
47607430-a936-446e-8642-3126c5edf6e5,pac,96.680,241,2,3,1,235,1664,1424,1.13e-113,396
e1353dc2-c741-4b9b-935e-965cf297a973,pac,99.174,2542,10,10,1165,3699,1,2538,0.0,4567
e1353dc2-c741-4b9b-935e-965cf297a973,symE,99.705,339,1,0,3839,4177,1,339,4.10e-180,621
3db26f1d-525f-4d77-9e90-f43d4dc4a0bb,pac,99.697,991,3,0,1,991,1258,2248,0.0,1814
c081c315-dca6-4b40-a99b-a1108a54b75a,symE,100.000,339,0,0,2478,2816,339,1,0.0,627
0cc6b55c-b6aa-461c-9635-c31604cffd46,symE,96.793,343,6,4,120,461,1,339,1.32e-164,568
e3bd6ad1-61df-4b4b-a014-de69c204d295,symE,98.525,339,5,0,3729,4067,339,1,1.56e-173,599
5ecbee5a-b051-44e2-9808-c02b42c0daed,pac,100.000,405,0,0,565,969,1,405,0.0,749
3dfdfaf9-e72c-48a3-b286-80612776352d,symE,100.000,339,0,0,216,554,339,1,0.0,627
48dced5b-a2bd-4cab-bf23-57635353a214,pac,99.252,535,3,1,5,538,1204,670,0.0,965
abc6dd52-1caa-4ab3-b3b4-c993bc243c83,pac,98.517,472,2,3,10,480,850,383,0.0,828
2d8cf5f9-d642-4b76-887f-48ea2a49e19f,pac,98.605,430,3,3,974,1402,2536,2109,0.0,758
2d8cf5f9-d642-4b76-887f-48ea2a49e19f,symE,99.412,340,1,1,496,835,339,1,4.77e-179,616
9f64a496-49b0-4af1-a896-03aad522623f,pac,97.035,742,8,10,1,739,802,1532,0.0,1236
8ebb7d1a-7ef1-4bf6-86a0-9f92404befa5,pac,99.603,1511,3,2,15,1524,1642,134,0.0,2754
c7223164-8b3b-497c-afd5-46a3f81ccbfa,pac,99.153,1298,5,3,1,1298,1247,2538,0.0,2331
c7223164-8b3b-497c-afd5-46a3f81ccbfa,pac,99.919,1233,1,0,4350,5582,1,1233,0.0,2272
c7223164-8b3b-497c-afd5-46a3f81ccbfa,symE,99.410,339,1,1,1438,1775,1,339,6.87e-178,614
24a705c0-2a05-4ab9-9f41-45598a3c9709,pac,99.490,1176,2,4,1,1174,1174,1,0.0,2135
06c9d569-4eae-410f-83e8-a73c90262d9f,pac,100.000,154,0,0,161,314,1,154,3.32e-80,285
0cb15c38-cae4-4ac8-96ce-3a181f167b3b,pac,99.344,305,2,0,1,305,623,319,7.99e-161,553
d73f9c8d-c400-437d-80e3-11948c342eed,pac,99.087,1971,12,6,1763,3729,1,1969,0.0,3535
5c745d3e-c2e5-4024-8f4c-902b0c88a8e8,pac,99.568,2083,1,5,677,2755,2536,458,0.0,3790
5c745d3e-c2e5-4024-8f4c-902b0c88a8e8,symE,100.000,339,0,0,256,594,339,1,0.0,627
7a72ee68-3461-4aaa-95d3-193752a427ec,pac,99.724,2539,5,2,1765,4302,2538,1,0.0,4649
7a72ee68-3461-4aaa-95d3-193752a427ec,symE,98.830,342,1,1,1284,1625,339,1,1.15e-175,606
8281ad7f-6e98-4fad-b3ad-5af54e31252a,pac,99.393,1483,3,6,1,1479,1058,2538,0.0,2684
8281ad7f-6e98-4fad-b3ad-5af54e31252a,pac,99.234,1044,5,2,4527,5570,1,1041,0.0,1881
8281ad7f-6e98-4fad-b3ad-5af54e31252a,symE,100.000,339,0,0,1617,1955,1,339,0.0,627
00f6dee8-e033-4c04-9e23-6c658566c84e,pac,97.895,2090,18,16,567,2647,2538,466,0.0,3592
00f6dee8-e033-4c04-9e23-6c658566c84e,symE,99.705,339,1,0,90,428,339,1,1.94e-180,621
f6c42d1e-b14f-4501-81cb-94022c78a219,pac,92.994,157,3,2,1,149,1778,1622,1.27e-61,222
4721f941-82d1-4806-ac46-019ee6451965,pac,99.410,2541,8,6,575,3111,1,2538,0.0,4602
4721f941-82d1-4806-ac46-019ee6451965,symE,100.000,339,0,0,3250,3588,1,339,0.0,627
e1368933-36f2-46c7-a8f2-030db074f893,pac,99.606,2539,3,3,2284,4816,1,2538,0.0,4626
e1368933-36f2-46c7-a8f2-030db074f893,symE,100.000,339,0,0,4956,5294,1,339,0.0,627
e601bc13-b262-4200-9357-13f9edcddca1,pac,100.000,34,0,0,395,428,1,34,2.33e-13,63.9
1f56a6c8-47cd-435f-a329-057c294bc916,pac,99.727,1465,2,1,1,1465,478,1940,0.0,2682
3a4cdb0b-f9af-4476-bcd3-81059d8df3b7,pac,99.522,1463,3,4,4,1466,1954,496,0.0,2660
9ad31381-e446-49f4-bb91-e5cd5e94c639,pac,94.508,2549,56,56,1920,4397,2536,1,0.0,3855
9ad31381-e446-49f4-bb91-e5cd5e94c639,symE,95.636,275,4,6,1469,1738,339,68,5.60e-124,435
9ad31381-e446-49f4-bb91-e5cd5e94c639,symE,100.000,32,0,0,1760,1791,32,1,3.94e-11,60.2
b300b641-c4ef-4792-8073-e45c0a547160,symE,99.410,339,1,1,2068,2405,339,1,3.79e-178,614
8903c204-2d31-48e7-b1b7-ec460f75cc67,pac,98.308,2541,20,17,1101,3621,1,2538,0.0,4433
8903c204-2d31-48e7-b1b7-ec460f75cc67,symE,97.361,341,2,4,3766,4101,1,339,1.16e-165,573
15a9b3ae-c941-46d1-adf1-5359fffea748,pac,99.088,548,4,1,54,600,2538,1991,0.0,983
5313be12-e497-4de4-a3d3-2d84902aa677,pac,99.475,952,2,3,4,954,950,1,0.0,1727
b7dff000-a388-4eb6-9275-ead961430e09,pac,99.572,701,2,1,1,701,1449,750,0.0,1277
729a4be9-056e-4806-85fe-5187eb1f9c64,pac,98.252,1316,8,7,1,1306,1228,2538,0.0,2289
729a4be9-056e-4806-85fe-5187eb1f9c64,pac,98.649,370,3,2,4289,4657,1,369,0.0,654
729a4be9-056e-4806-85fe-5187eb1f9c64,symE,99.703,337,1,0,1380,1716,3,339,4.43e-179,617
23a04e2d-9620-4da9-8033-8ea972be87b5,pac,99.273,275,1,1,1,274,275,1,1.19e-142,496
1d72d0f3-9f55-44b2-a887-be0365c99028,pac,97.848,1905,27,11,21,1921,1953,59,0.0,3278
3ee05c17-7361-45be-a70e-5df57adf1539,pac,100.000,332,0,0,1,332,2304,1973,3.95e-179,614
1891d93c-5946-4104-927a-cb28b14e3219,pac,96.951,1476,20,21,14,1474,1073,2538,0.0,2453
8ee2b065-4d1b-449e-9d4a-6034e8249f80,pac,99.363,157,0,1,9,164,2261,2105,5.99e-80,283
fdb904f6-2531-4cbe-9be6-e7b3d62b06ef,pac,96.988,166,5,0,3,168,2088,2253,8.10e-79,279
9a7c2fd0-f729-4261-b249-b7e22953a3c5,pac,98.772,1954,9,7,9,1954,482,2428,0.0,3461
6de0be95-31df-4f91-ab4c-c5a1966f1063,pac,98.527,2512,20,10,1,2499,2508,1,0.0,4418
13d31c02-1b0a-4c11-b674-ffa01f102b86,pac,100.000,503,0,0,1,503,1471,969,0.0,929
465004b8-5835-43e7-ab6e-7dacb5fb4cbd,pac,99.843,2540,0,3,1810,4347,1,2538,0.0,4665
bfa0ba8c-ecd0-4ed2-b5bc-8508600a9216,symE,99.705,339,1,0,65,403,1,339,2.28e-180,621
9d64d9bd-399f-4959-bc26-b2e85a12db85,pac,99.580,238,1,0,6,243,2410,2173,2.38e-125,435
725db1ec-e747-4ec8-b15b-30c1f68727fd,pac,97.000,400,6,5,1,398,396,1,0.0,667
fb2449a6-61bb-4408-9561-b4381364678d,pac,99.480,961,3,1,15,973,1400,440,0.0,1746
3f96409c-334b-4d0e-981c-500a1e9ab4ec,symE,99.387,163,1,0,1,163,71,233,7.69e-84,296
e00a0a1e-e6b4-4888-a582-18d995f37cac,symE,100.000,157,0,0,1,157,244,88,3.46e-82,291
219aaeef-b997-487c-964a-de66619b8a77,pac,99.798,992,2,0,1,992,1547,2538,0.0,1821
219aaeef-b997-487c-964a-de66619b8a77,symE,100.000,339,0,0,1132,1470,1,339,0.0,627
2c674169-bf10-46bb-addd-44a328cc560e,pac,99.359,468,1,2,11,476,2071,2538,0.0,846
2c674169-bf10-46bb-addd-44a328cc560e,symE,99.115,339,3,0,617,955,1,339,3.22e-177,610
62ebfed1-d9ed-4f7f-8140-f0dafeee78b7,pac,100.000,208,0,0,6,213,2331,2538,4.85e-110,385
62ebfed1-d9ed-4f7f-8140-f0dafeee78b7,symE,99.153,118,0,1,353,470,1,117,8.71e-58,211
449ff10e-4366-49b3-a36f-65f566abad27,pac,99.476,191,1,0,280,470,2538,2348,6.31e-99,348
449ff10e-4366-49b3-a36f-65f566abad27,symE,97.143,140,3,1,1,140,139,1,5.13e-65,235
e09d4b87-299d-43f0-9535-f3031a0b0a8d,symE,100.000,339,0,0,354,692,339,1,0.0,627
b019a347-3e3c-4b5b-a7c1-95cd89546625,symE,100.000,156,0,0,1,156,184,339,1.34e-81,289
d3421226-837b-45b7-afca-b7279f41421a,pac,100.000,136,0,0,492,627,1,136,6.84e-70,252
2e16edad-f32c-48f0-9c48-d9741048dd9d,pac,100.000,653,0,0,1,653,653,1,0.0,1206
87a16204-53ab-47f0-9cdb-bb6610dcb7fe,pac,99.704,1013,0,2,1,1012,1403,2413,0.0,1851
95d7b61e-4e99-435d-b4e6-07ef175acad6,pac,100.000,108,0,0,651,758,1,108,3.07e-54,200
6312602b-c2a9-4294-9104-92f5c87ffdd7,pac,99.248,133,1,0,1,133,133,1,1.82e-66,241
a7e8c125-caef-41cb-adf7-d040d5ea7e70,pac,99.304,1150,3,3,1,1150,1145,1,0.0,2074
a352f76a-140f-4c05-aa55-e883d7e38d6e,symE,98.525,339,5,0,289,627,339,1,3.25e-174,599
34bce066-f048-4082-a561-35cfc10a0394,pac,100.000,365,0,0,356,720,2536,2172,0.0,675
34bce066-f048-4082-a561-35cfc10a0394,symE,99.543,219,1,0,1,219,219,1,2.66e-114,399
56563c92-53b6-4dc5-97f5-0ae660a9496b,pac,99.805,1541,1,2,1,1541,1000,2538,0.0,2828
56563c92-53b6-4dc5-97f5-0ae660a9496b,pac,99.393,988,2,2,4592,5575,1,988,0.0,1788
56563c92-53b6-4dc5-97f5-0ae660a9496b,symE,100.000,339,0,0,1680,2018,1,339,0.0,627
27a5800d-3123-4416-a133-396c36566e77,pac,99.790,477,1,0,1,477,2062,2538,0.0,876
27a5800d-3123-4416-a133-396c36566e77,pac,99.556,225,0,1,3537,3760,1,225,2.34e-116,409
27a5800d-3123-4416-a133-396c36566e77,symE,100.000,339,0,0,617,955,1,339,0.0,627
06c69f8b-dbac-4e58-84b9-7b8d4ab7ab6b,pac,98.690,458,2,4,3272,3726,2538,2082,0.0,809
06c69f8b-dbac-4e58-84b9-7b8d4ab7ab6b,pac,100.000,243,0,0,1,243,243,1,1.37e-128,449
06c69f8b-dbac-4e58-84b9-7b8d4ab7ab6b,symE,97.640,339,0,4,2802,3132,339,1,2.16e-166,575
d30b5d44-49ee-4017-a56a-2b048375dba0,pac,97.015,134,0,3,1,133,647,777,1.06e-61,222
bb8d85e4-e00d-4353-967c-4e4216d882cf,pac,100.000,185,0,0,1,185,185,1,5.75e-97,342
c83ce4bf-fd59-4abb-8888-8c231d4484dd,symE,100.000,189,0,0,94,282,333,145,1.05e-99,350
27f7eae9-b7c4-4803-8516-9cd8d0d7c0ea,symE,98.820,339,2,1,2064,2400,1,339,8.25e-175,603
68406c85-b002-4efe-a5e7-b9b8d9219c5c,pac,99.408,338,2,0,4,341,42,379,4.07e-179,614
6159eca9-2205-48a6-8b2e-d30e12bf072a,symE,99.399,333,0,2,159,489,1,333,3.91e-175,603
73bbc534-520b-4fed-95ef-8a7f684792c2,pac,98.601,143,2,0,1,143,575,717,4.04e-71,254
e4244d13-4c9c-457d-8c2e-aaf6c5f70522,symE,86.207,203,16,9,735,931,339,143,6.27e-57,209
754a3b55-abaa-4e6d-9597-ffc942820b12,pac,99.644,562,1,1,1,561,941,1502,0.0,1026
af71abdb-3aad-4c5e-9890-d86088347352,pac,98.728,393,2,3,1,390,962,1354,0.0,695
91dba0d2-95ff-44ba-ad3c-a386f5b4dc1b,pac,93.202,2589,80,75,39,2584,2538,3,0.0,3718
b1e08838-df39-4457-902d-da627aead20d,pac,99.440,357,2,0,1,357,1001,1357,0.0,649
3d098ce4-3db1-482f-a4c3-b26153165200,symE,100.000,122,0,0,1726,1847,339,218,1.24e-61,226
d40f8d4a-7d36-49f6-a736-957d94e3be43,symE,100.000,205,0,0,11,215,135,339,2.03e-108,379
5d735314-0836-4b45-9326-d6cb5968b7fd,pac,99.433,2291,8,3,1,2289,2288,1,0.0,4154
5d735314-0836-4b45-9326-d6cb5968b7fd,pac,100.000,236,0,0,5353,5588,2538,2303,1.60e-124,436
5d735314-0836-4b45-9326-d6cb5968b7fd,symE,100.000,339,0,0,4878,5216,339,1,0.0,627
ad01410c-dec6-4d3c-9b7a-30ca56165cf2,pac,99.764,2539,4,2,898,3435,1,2538,0.0,4654
ad01410c-dec6-4d3c-9b7a-30ca56165cf2,symE,98.529,340,4,1,3576,3915,1,339,1.92e-173,599
16d6417d-fc80-44ec-b061-d8c87f05510a,symE,100.000,244,0,0,3,246,96,339,2.52e-129,451
fcb23830-89b9-4d82-b7d5-a0005824c2f3,pac,99.882,2538,3,0,78,2615,2538,1,0.0,4671
cc899cbc-bb06-45dd-ad3a-f1bbff1d16ab,pac,97.402,2271,18,24,3262,5494,1,2268,0.0,3829
cc899cbc-bb06-45dd-ad3a-f1bbff1d16ab,pac,97.357,227,4,1,1,225,2284,2510,5.77e-109,385
cc899cbc-bb06-45dd-ad3a-f1bbff1d16ab,symE,94.721,341,7,8,384,715,1,339,1.52e-149,520
01e585b3-a815-453d-966f-67fec45e41dc,pac,99.439,2139,5,6,240,2372,2538,401,0.0,3877
01e585b3-a815-453d-966f-67fec45e41dc,symE,98.864,88,0,1,14,100,88,1,2.12e-40,156
f8611e58-5dae-4db5-af51-6bd7221cd200,pac,99.291,2539,9,7,2160,4692,2536,1,0.0,4580
f8611e58-5dae-4db5-af51-6bd7221cd200,symE,100.000,339,0,0,1682,2020,339,1,0.0,627
5686f8ad-4950-453a-a012-0ad0866778a4,pac,97.282,1766,18,21,3753,5497,1,1757,0.0,2968
5686f8ad-4950-453a-a012-0ad0866778a4,pac,99.040,729,2,3,5,729,1811,2538,0.0,1303
5686f8ad-4950-453a-a012-0ad0866778a4,symE,100.000,339,0,0,870,1208,1,339,0.0,627
65901f37-c1c1-45a1-a6e1-f256f257d040,pac,96.266,241,4,4,1,236,1849,2089,5.11e-112,390
0d1c0145-c4d0-475c-bb38-15b47a768806,pac,96.444,1631,22,24,3875,5494,2538,933,0.0,2658
0d1c0145-c4d0-475c-bb38-15b47a768806,pac,98.156,922,7,8,1,914,920,1,0.0,1600
0d1c0145-c4d0-475c-bb38-15b47a768806,symE,100.000,88,0,0,3426,3513,339,252,2.94e-42,163
0d1c0145-c4d0-475c-bb38-15b47a768806,symE,86.806,144,10,5,3604,3738,144,1,6.37e-39,152
91e145ed-e59c-4ef3-ac92-95eb66289d7b,pac,99.491,786,4,0,1,786,822,37,0.0,1430
fd3f52d1-1d88-47a7-a13b-99c8d2f2f64b,pac,97.573,1648,19,11,3946,5572,1,1648,0.0,2802
fd3f52d1-1d88-47a7-a13b-99c8d2f2f64b,pac,98.521,879,9,4,4,880,1662,2538,0.0,1548
fd3f52d1-1d88-47a7-a13b-99c8d2f2f64b,symE,100.000,339,0,0,1022,1360,1,339,0.0,627
2bfacd7c-91f5-42ee-a5de-598888a5eebc,pac,96.226,477,12,6,1,474,1293,1766,0.0,776
82c3eb21-ecf5-49e8-baae-6a0006211771,pac,100.000,867,0,0,719,1585,1,867,0.0,1602
b97193e5-fbd0-4079-8282-b2bef64582b8,pac,100.000,368,0,0,13,380,1025,1392,0.0,680
ee9ec6b8-fe9b-488b-9a01-7b8a48508a4a,pac,99.336,602,0,2,22,619,1641,1040,0.0,1086
1ad01daf-c89c-4746-8843-278a4babcb2f,pac,93.402,485,17,12,1,475,2336,1857,0.0,704
e695c26f-9af2-41f2-8db5-b133ff54825a,symE,100.000,84,0,0,401,484,1,84,4.29e-41,156
58d3ba61-b6ce-4603-96d3-01847a9ac56f,pac,96.254,2429,44,40,9,2407,127,2538,0.0,3938
58d3ba61-b6ce-4603-96d3-01847a9ac56f,pac,100.000,102,0,0,5438,5539,1,102,4.89e-50,189
58d3ba61-b6ce-4603-96d3-01847a9ac56f,symE,94.034,352,4,11,2540,2887,1,339,5.50e-149,518
d820048e-3f19-44b1-bd46-a6e2fe0cfdcf,pac,98.201,834,6,5,1,829,1001,1830,0.0,1448
09f43c3e-1d8b-47b7-aa15-053823159a09,pac,99.646,2542,5,3,110,2651,2538,1,0.0,4641
09f43c3e-1d8b-47b7-aa15-053823159a09,symE,99.407,337,1,1,5229,5564,337,1,8.88e-177,610
7a31b215-907a-405d-81bd-66ac868c0675,pac,93.760,2564,82,63,832,3345,2536,1,0.0,3777
82295f71-c3c4-4695-bbe1-b4ca9ff8c77d,pac,99.645,2538,6,2,1729,4263,2538,1,0.0,4634
82295f71-c3c4-4695-bbe1-b4ca9ff8c77d,symE,96.165,339,9,3,1258,1592,339,1,5.44e-159,551
9c271a3e-f05c-41de-92f4-dac7e219eab0,pac,99.803,2030,2,1,1,2028,2030,1,0.0,3725
9c271a3e-f05c-41de-92f4-dac7e219eab0,pac,98.597,499,5,2,4842,5340,2538,2042,0.0,881
f005c4d1-9b4e-48fa-8272-1460633c82a7,symE,97.906,191,1,1,1,188,191,1,5.27e-93,327
4b6f28c8-9fef-4e78-b250-fb582c4251b7,pac,98.861,2545,6,18,2050,4578,2538,1,0.0,4518
4b6f28c8-9fef-4e78-b250-fb582c4251b7,symE,98.820,339,1,2,1635,1970,339,1,5.26e-174,601
667dd8e7-3373-4432-a640-a190116ebc4c,symE,100.000,271,0,0,442,712,339,69,7.04e-145,501
918b0daf-741f-45b0-a0c0-de7c2708fcbb,pac,98.472,458,3,2,1020,1474,2538,2082,0.0,804
918b0daf-741f-45b0-a0c0-de7c2708fcbb,symE,100.000,339,0,0,546,884,339,1,0.0,627
65d41cf2-420d-410e-875c-12ae84c1a825,pac,100.000,428,0,0,1,428,2111,2538,0.0,791
78bc5836-9f46-4f7d-8194-ef98bcbd73b3,pac,100.000,1443,0,0,1,1443,1443,1,0.0,2665
46e40b95-8ed6-401f-bf91-b1b166e59ddd,pac,98.519,135,2,0,1,135,2368,2234,1.06e-66,239
a9f6eded-c25d-4a48-b70e-4c102046e87e,pac,100.000,168,0,0,1,168,168,1,1.22e-87,311
a737da45-6d93-47c3-ac84-5ab615eaa2c8,pac,99.315,1753,5,4,3840,5585,1,1753,0.0,3164
a737da45-6d93-47c3-ac84-5ab615eaa2c8,pac,99.482,772,3,1,5,775,1767,2538,0.0,1402
a737da45-6d93-47c3-ac84-5ab615eaa2c8,symE,98.827,341,0,4,915,1253,1,339,4.13e-175,604
cf551d61-51ba-4e16-a61d-443653820f3a,pac,96.491,57,1,1,799,855,1,56,6.01e-22,93.5
